occupancy_date,occupied_beds
2026-01-01,NA
2026-01-01,NA
2026-01-01,7
2026-01-01,4
2026-01-01,NA
2026-01-01,NA
2026-01-01,NA
2026-01-01,9
2026-01-01,14
2026-01-01,NA
2026-01-01,NA
2026-01-01,41
2026-01-01,30
2026-01-01,22
2026-01-01,9
2026-01-01,NA
2026-01-01,NA
2026-01-01,1
2026-01-01,68
2026-01-01,NA
2026-01-01,NA
2026-01-01,NA
2026-01-01,65
2026-01-01,48
2026-01-01,53
2026-01-01,100
2026-01-01,NA
2026-01-01,NA
2026-01-01,93
2026-01-01,62
2026-01-01,1
2026-01-01,53
2026-01-01,121
2026-01-01,22
2026-01-01,102
2026-01-01,34
2026-01-01,1
2026-01-01,NA
2026-01-01,NA
2026-01-01,NA
2026-01-01,NA
2026-01-01,NA
2026-01-01,NA
2026-01-01,1
2026-01-01,87
2026-01-01,28
2026-01-01,1
2026-01-01,62
2026-01-01,1
2026-01-01,10
2026-01-01,94
2026-01-01,9
2026-01-01,30
2026-01-01,27
2026-01-01,78
2026-01-01,50
2026-01-01,61
2026-01-01,3
2026-01-01,29
2026-01-01,75
2026-01-01,44
2026-01-01,49
2026-01-01,38
2026-01-01,33
2026-01-01,5
2026-01-01,9
2026-01-01,36
2026-01-01,23
2026-01-01,47
2026-01-01,36
2026-01-01,68
2026-01-01,NA
2026-01-01,69
2026-01-01,97
2026-01-01,11
2026-01-01,3
2026-01-01,27
2026-01-01,21
2026-01-01,35
2026-01-01,5
2026-01-01,NA
2026-01-01,61
2026-01-01,47
2026-01-01,20
2026-01-01,38
2026-01-01,40
2026-01-01,88
2026-01-01,30
2026-01-01,130
2026-01-01,98
2026-01-01,2
2026-01-01,NA
2026-01-01,19
2026-01-01,85
2026-01-01,49
2026-01-01,96
2026-01-01,12
2026-01-01,44
2026-01-01,30
2026-01-01,34
2026-01-01,30
2026-01-01,3
2026-01-01,7
2026-01-01,52
2026-01-01,11
2026-01-01,15
2026-01-01,10
2026-01-01,14
2026-01-01,16
2026-01-01,21
2026-01-01,6
2026-01-01,29
2026-01-01,39
2026-01-01,30
2026-01-01,72
2026-01-01,50
2026-01-01,NA
2026-01-01,30
2026-01-01,NA
2026-01-01,NA
2026-01-01,85
2026-01-01,NA
2026-01-01,86
2026-01-01,NA
2026-01-01,78
2026-01-01,NA
2026-01-01,283
2026-01-01,NA
2026-01-01,52
2026-01-01,46
2026-01-01,37
2026-01-01,71
2026-01-01,65
2026-01-01,NA
2026-01-01,35
2026-01-01,44
2026-01-01,1
2026-01-01,12
2026-01-01,NA
2026-01-01,40
2026-01-01,25
2026-01-01,31
2026-01-01,31
2026-01-01,39
2026-01-01,27
2026-01-01,33
2026-01-01,20
2026-01-01,7
2026-01-01,1
2026-01-01,32
2026-01-02,NA
2026-01-02,NA
2026-01-02,7
2026-01-02,4
2026-01-02,NA
2026-01-02,NA
2026-01-02,NA
2026-01-02,9
2026-01-02,14
2026-01-02,NA
2026-01-02,NA
2026-01-02,41
2026-01-02,30
2026-01-02,22
2026-01-02,9
2026-01-02,NA
2026-01-02,NA
2026-01-02,68
2026-01-02,NA
2026-01-02,NA
2026-01-02,NA
2026-01-02,65
2026-01-02,48
2026-01-02,53
2026-01-02,100
2026-01-02,NA
2026-01-02,NA
2026-01-02,92
2026-01-02,62
2026-01-02,1
2026-01-02,54
2026-01-02,121
2026-01-02,22
2026-01-02,102
2026-01-02,34
2026-01-02,NA
2026-01-02,NA
2026-01-02,NA
2026-01-02,NA
2026-01-02,NA
2026-01-02,NA
2026-01-02,87
2026-01-02,28
2026-01-02,1
2026-01-02,62
2026-01-02,1
2026-01-02,10
2026-01-02,93
2026-01-02,9
2026-01-02,30
2026-01-02,27
2026-01-02,78
2026-01-02,50
2026-01-02,61
2026-01-02,3
2026-01-02,25
2026-01-02,66
2026-01-02,46
2026-01-02,49
2026-01-02,39
2026-01-02,33
2026-01-02,5
2026-01-02,9
2026-01-02,36
2026-01-02,23
2026-01-02,46
2026-01-02,36
2026-01-02,68
2026-01-02,NA
2026-01-02,68
2026-01-02,107
2026-01-02,12
2026-01-02,3
2026-01-02,26
2026-01-02,24
2026-01-02,35
2026-01-02,5
2026-01-02,NA
2026-01-02,61
2026-01-02,47
2026-01-02,20
2026-01-02,38
2026-01-02,40
2026-01-02,88
2026-01-02,28
2026-01-02,130
2026-01-02,98
2026-01-02,2
2026-01-02,NA
2026-01-02,19
2026-01-02,85
2026-01-02,49
2026-01-02,99
2026-01-02,10
2026-01-02,45
2026-01-02,30
2026-01-02,34
2026-01-02,30
2026-01-02,3
2026-01-02,7
2026-01-02,53
2026-01-02,13
2026-01-02,15
2026-01-02,10
2026-01-02,13
2026-01-02,16
2026-01-02,21
2026-01-02,6
2026-01-02,29
2026-01-02,39
2026-01-02,30
2026-01-02,72
2026-01-02,50
2026-01-02,NA
2026-01-02,30
2026-01-02,NA
2026-01-02,NA
2026-01-02,85
2026-01-02,NA
2026-01-02,86
2026-01-02,NA
2026-01-02,78
2026-01-02,NA
2026-01-02,283
2026-01-02,NA
2026-01-02,51
2026-01-02,46
2026-01-02,37
2026-01-02,71
2026-01-02,65
2026-01-02,NA
2026-01-02,35
2026-01-02,44
2026-01-02,12
2026-01-02,NA
2026-01-02,40
2026-01-02,25
2026-01-02,31
2026-01-02,31
2026-01-02,39
2026-01-02,27
2026-01-02,33
2026-01-02,20
2026-01-02,8
2026-01-02,32
2026-01-03,NA
2026-01-03,NA
2026-01-03,7
2026-01-03,4
2026-01-03,NA
2026-01-03,NA
2026-01-03,NA
2026-01-03,9
2026-01-03,14
2026-01-03,NA
2026-01-03,NA
2026-01-03,41
2026-01-03,30
2026-01-03,22
2026-01-03,9
2026-01-03,NA
2026-01-03,NA
2026-01-03,67
2026-01-03,NA
2026-01-03,NA
2026-01-03,NA
2026-01-03,64
2026-01-03,48
2026-01-03,53
2026-01-03,100
2026-01-03,NA
2026-01-03,NA
2026-01-03,92
2026-01-03,62
2026-01-03,1
2026-01-03,54
2026-01-03,121
2026-01-03,22
2026-01-03,102
2026-01-03,35
2026-01-03,NA
2026-01-03,NA
2026-01-03,NA
2026-01-03,NA
2026-01-03,NA
2026-01-03,NA
2026-01-03,87
2026-01-03,28
2026-01-03,62
2026-01-03,1
2026-01-03,10
2026-01-03,94
2026-01-03,9
2026-01-03,26
2026-01-03,28
2026-01-03,78
2026-01-03,50
2026-01-03,61
2026-01-03,3
2026-01-03,28
2026-01-03,75
2026-01-03,46
2026-01-03,49
2026-01-03,39
2026-01-03,33
2026-01-03,5
2026-01-03,9
2026-01-03,36
2026-01-03,23
2026-01-03,44
2026-01-03,36
2026-01-03,67
2026-01-03,NA
2026-01-03,67
2026-01-03,107
2026-01-03,13
2026-01-03,3
2026-01-03,26
2026-01-03,22
2026-01-03,35
2026-01-03,5
2026-01-03,NA
2026-01-03,61
2026-01-03,47
2026-01-03,20
2026-01-03,38
2026-01-03,39
2026-01-03,88
2026-01-03,27
2026-01-03,130
2026-01-03,98
2026-01-03,NA
2026-01-03,19
2026-01-03,83
2026-01-03,49
2026-01-03,105
2026-01-03,10
2026-01-03,45
2026-01-03,30
2026-01-03,34
2026-01-03,30
2026-01-03,3
2026-01-03,7
2026-01-03,53
2026-01-03,15
2026-01-03,15
2026-01-03,10
2026-01-03,13
2026-01-03,16
2026-01-03,21
2026-01-03,6
2026-01-03,29
2026-01-03,39
2026-01-03,30
2026-01-03,72
2026-01-03,50
2026-01-03,NA
2026-01-03,30
2026-01-03,NA
2026-01-03,NA
2026-01-03,85
2026-01-03,NA
2026-01-03,86
2026-01-03,NA
2026-01-03,78
2026-01-03,NA
2026-01-03,283
2026-01-03,NA
2026-01-03,52
2026-01-03,46
2026-01-03,37
2026-01-03,71
2026-01-03,65
2026-01-03,NA
2026-01-03,35
2026-01-03,44
2026-01-03,12
2026-01-03,NA
2026-01-03,40
2026-01-03,25
2026-01-03,31
2026-01-03,31
2026-01-03,40
2026-01-03,27
2026-01-03,33
2026-01-03,20
2026-01-03,8
2026-01-03,31
2026-01-04,NA
2026-01-04,NA
2026-01-04,7
2026-01-04,4
2026-01-04,NA
2026-01-04,NA
2026-01-04,NA
2026-01-04,9
2026-01-04,14
2026-01-04,NA
2026-01-04,NA
2026-01-04,41
2026-01-04,30
2026-01-04,22
2026-01-04,9
2026-01-04,NA
2026-01-04,NA
2026-01-04,68
2026-01-04,NA
2026-01-04,NA
2026-01-04,NA
2026-01-04,64
2026-01-04,48
2026-01-04,53
2026-01-04,100
2026-01-04,NA
2026-01-04,NA
2026-01-04,92
2026-01-04,62
2026-01-04,54
2026-01-04,121
2026-01-04,22
2026-01-04,102
2026-01-04,35
2026-01-04,NA
2026-01-04,NA
2026-01-04,NA
2026-01-04,NA
2026-01-04,NA
2026-01-04,NA
2026-01-04,86
2026-01-04,28
2026-01-04,62
2026-01-04,1
2026-01-04,10
2026-01-04,94
2026-01-04,9
2026-01-04,29
2026-01-04,28
2026-01-04,78
2026-01-04,50
2026-01-04,61
2026-01-04,3
2026-01-04,29
2026-01-04,75
2026-01-04,46
2026-01-04,49
2026-01-04,37
2026-01-04,33
2026-01-04,5
2026-01-04,9
2026-01-04,36
2026-01-04,23
2026-01-04,44
2026-01-04,36
2026-01-04,67
2026-01-04,NA
2026-01-04,69
2026-01-04,102
2026-01-04,15
2026-01-04,3
2026-01-04,26
2026-01-04,22
2026-01-04,35
2026-01-04,5
2026-01-04,NA
2026-01-04,61
2026-01-04,47
2026-01-04,20
2026-01-04,38
2026-01-04,39
2026-01-04,88
2026-01-04,29
2026-01-04,130
2026-01-04,98
2026-01-04,NA
2026-01-04,19
2026-01-04,83
2026-01-04,49
2026-01-04,104
2026-01-04,12
2026-01-04,45
2026-01-04,30
2026-01-04,34
2026-01-04,29
2026-01-04,3
2026-01-04,7
2026-01-04,52
2026-01-04,14
2026-01-04,15
2026-01-04,10
2026-01-04,13
2026-01-04,16
2026-01-04,21
2026-01-04,6
2026-01-04,29
2026-01-04,39
2026-01-04,30
2026-01-04,72
2026-01-04,50
2026-01-04,NA
2026-01-04,29
2026-01-04,NA
2026-01-04,NA
2026-01-04,85
2026-01-04,NA
2026-01-04,86
2026-01-04,NA
2026-01-04,78
2026-01-04,NA
2026-01-04,283
2026-01-04,NA
2026-01-04,52
2026-01-04,46
2026-01-04,37
2026-01-04,71
2026-01-04,65
2026-01-04,NA
2026-01-04,35
2026-01-04,44
2026-01-04,12
2026-01-04,NA
2026-01-04,40
2026-01-04,25
2026-01-04,31
2026-01-04,31
2026-01-04,40
2026-01-04,27
2026-01-04,33
2026-01-04,20
2026-01-04,8
2026-01-04,31
2026-01-05,NA
2026-01-05,NA
2026-01-05,7
2026-01-05,4
2026-01-05,NA
2026-01-05,NA
2026-01-05,NA
2026-01-05,9
2026-01-05,14
2026-01-05,NA
2026-01-05,NA
2026-01-05,41
2026-01-05,30
2026-01-05,22
2026-01-05,9
2026-01-05,NA
2026-01-05,NA
2026-01-05,68
2026-01-05,NA
2026-01-05,NA
2026-01-05,NA
2026-01-05,64
2026-01-05,48
2026-01-05,53
2026-01-05,100
2026-01-05,NA
2026-01-05,NA
2026-01-05,93
2026-01-05,62
2026-01-05,54
2026-01-05,120
2026-01-05,21
2026-01-05,101
2026-01-05,35
2026-01-05,NA
2026-01-05,NA
2026-01-05,NA
2026-01-05,NA
2026-01-05,NA
2026-01-05,NA
2026-01-05,87
2026-01-05,28
2026-01-05,62
2026-01-05,1
2026-01-05,10
2026-01-05,94
2026-01-05,9
2026-01-05,29
2026-01-05,28
2026-01-05,78
2026-01-05,50
2026-01-05,61
2026-01-05,3
2026-01-05,29
2026-01-05,71
2026-01-05,46
2026-01-05,49
2026-01-05,40
2026-01-05,33
2026-01-05,5
2026-01-05,9
2026-01-05,36
2026-01-05,23
2026-01-05,44
2026-01-05,36
2026-01-05,67
2026-01-05,NA
2026-01-05,69
2026-01-05,109
2026-01-05,15
2026-01-05,4
2026-01-05,26
2026-01-05,24
2026-01-05,35
2026-01-05,5
2026-01-05,NA
2026-01-05,61
2026-01-05,47
2026-01-05,20
2026-01-05,38
2026-01-05,38
2026-01-05,88
2026-01-05,31
2026-01-05,128
2026-01-05,98
2026-01-05,NA
2026-01-05,19
2026-01-05,85
2026-01-05,49
2026-01-05,107
2026-01-05,14
2026-01-05,43
2026-01-05,30
2026-01-05,34
2026-01-05,30
2026-01-05,6
2026-01-05,7
2026-01-05,49
2026-01-05,12
2026-01-05,15
2026-01-05,10
2026-01-05,13
2026-01-05,16
2026-01-05,21
2026-01-05,6
2026-01-05,29
2026-01-05,39
2026-01-05,30
2026-01-05,72
2026-01-05,48
2026-01-05,NA
2026-01-05,30
2026-01-05,NA
2026-01-05,NA
2026-01-05,84
2026-01-05,NA
2026-01-05,85
2026-01-05,NA
2026-01-05,78
2026-01-05,NA
2026-01-05,283
2026-01-05,NA
2026-01-05,52
2026-01-05,46
2026-01-05,37
2026-01-05,71
2026-01-05,65
2026-01-05,NA
2026-01-05,35
2026-01-05,44
2026-01-05,12
2026-01-05,NA
2026-01-05,40
2026-01-05,25
2026-01-05,31
2026-01-05,31
2026-01-05,40
2026-01-05,27
2026-01-05,33
2026-01-05,20
2026-01-05,9
2026-01-05,31
2026-01-06,NA
2026-01-06,NA
2026-01-06,7
2026-01-06,4
2026-01-06,NA
2026-01-06,NA
2026-01-06,NA
2026-01-06,9
2026-01-06,14
2026-01-06,NA
2026-01-06,NA
2026-01-06,40
2026-01-06,30
2026-01-06,22
2026-01-06,9
2026-01-06,NA
2026-01-06,NA
2026-01-06,68
2026-01-06,NA
2026-01-06,NA
2026-01-06,NA
2026-01-06,65
2026-01-06,48
2026-01-06,53
2026-01-06,100
2026-01-06,NA
2026-01-06,NA
2026-01-06,93
2026-01-06,62
2026-01-06,54
2026-01-06,122
2026-01-06,22
2026-01-06,102
2026-01-06,35
2026-01-06,NA
2026-01-06,NA
2026-01-06,NA
2026-01-06,NA
2026-01-06,NA
2026-01-06,NA
2026-01-06,85
2026-01-06,28
2026-01-06,62
2026-01-06,1
2026-01-06,10
2026-01-06,94
2026-01-06,9
2026-01-06,29
2026-01-06,28
2026-01-06,76
2026-01-06,50
2026-01-06,61
2026-01-06,3
2026-01-06,30
2026-01-06,74
2026-01-06,46
2026-01-06,49
2026-01-06,40
2026-01-06,33
2026-01-06,5
2026-01-06,9
2026-01-06,36
2026-01-06,23
2026-01-06,44
2026-01-06,36
2026-01-06,67
2026-01-06,NA
2026-01-06,69
2026-01-06,110
2026-01-06,14
2026-01-06,4
2026-01-06,26
2026-01-06,21
2026-01-06,35
2026-01-06,5
2026-01-06,NA
2026-01-06,61
2026-01-06,47
2026-01-06,20
2026-01-06,35
2026-01-06,38
2026-01-06,88
2026-01-06,34
2026-01-06,129
2026-01-06,97
2026-01-06,NA
2026-01-06,19
2026-01-06,84
2026-01-06,49
2026-01-06,101
2026-01-06,12
2026-01-06,45
2026-01-06,30
2026-01-06,34
2026-01-06,30
2026-01-06,6
2026-01-06,7
2026-01-06,49
2026-01-06,11
2026-01-06,15
2026-01-06,10
2026-01-06,13
2026-01-06,16
2026-01-06,21
2026-01-06,6
2026-01-06,29
2026-01-06,36
2026-01-06,30
2026-01-06,72
2026-01-06,48
2026-01-06,NA
2026-01-06,30
2026-01-06,NA
2026-01-06,NA
2026-01-06,84
2026-01-06,NA
2026-01-06,85
2026-01-06,NA
2026-01-06,78
2026-01-06,NA
2026-01-06,283
2026-01-06,NA
2026-01-06,52
2026-01-06,45
2026-01-06,37
2026-01-06,71
2026-01-06,65
2026-01-06,NA
2026-01-06,35
2026-01-06,44
2026-01-06,12
2026-01-06,NA
2026-01-06,40
2026-01-06,25
2026-01-06,31
2026-01-06,31
2026-01-06,38
2026-01-06,27
2026-01-06,33
2026-01-06,20
2026-01-06,10
2026-01-06,31
2026-01-07,NA
2026-01-07,NA
2026-01-07,7
2026-01-07,4
2026-01-07,NA
2026-01-07,NA
2026-01-07,NA
2026-01-07,9
2026-01-07,14
2026-01-07,NA
2026-01-07,NA
2026-01-07,41
2026-01-07,30
2026-01-07,7
2026-01-07,9
2026-01-07,NA
2026-01-07,NA
2026-01-07,60
2026-01-07,NA
2026-01-07,NA
2026-01-07,NA
2026-01-07,65
2026-01-07,48
2026-01-07,53
2026-01-07,101
2026-01-07,NA
2026-01-07,NA
2026-01-07,93
2026-01-07,62
2026-01-07,54
2026-01-07,121
2026-01-07,22
2026-01-07,101
2026-01-07,35
2026-01-07,NA
2026-01-07,NA
2026-01-07,NA
2026-01-07,NA
2026-01-07,NA
2026-01-07,NA
2026-01-07,86
2026-01-07,28
2026-01-07,62
2026-01-07,1
2026-01-07,10
2026-01-07,94
2026-01-07,9
2026-01-07,30
2026-01-07,28
2026-01-07,75
2026-01-07,50
2026-01-07,61
2026-01-07,3
2026-01-07,28
2026-01-07,64
2026-01-07,37
2026-01-07,49
2026-01-07,38
2026-01-07,32
2026-01-07,5
2026-01-07,9
2026-01-07,36
2026-01-07,23
2026-01-07,42
2026-01-07,36
2026-01-07,68
2026-01-07,NA
2026-01-07,68
2026-01-07,108
2026-01-07,13
2026-01-07,4
2026-01-07,25
2026-01-07,22
2026-01-07,35
2026-01-07,5
2026-01-07,NA
2026-01-07,61
2026-01-07,47
2026-01-07,19
2026-01-07,33
2026-01-07,38
2026-01-07,88
2026-01-07,31
2026-01-07,129
2026-01-07,97
2026-01-07,NA
2026-01-07,19
2026-01-07,84
2026-01-07,49
2026-01-07,101
2026-01-07,15
2026-01-07,45
2026-01-07,30
2026-01-07,33
2026-01-07,30
2026-01-07,3
2026-01-07,7
2026-01-07,49
2026-01-07,8
2026-01-07,15
2026-01-07,10
2026-01-07,13
2026-01-07,16
2026-01-07,21
2026-01-07,6
2026-01-07,29
2026-01-07,38
2026-01-07,30
2026-01-07,72
2026-01-07,49
2026-01-07,NA
2026-01-07,30
2026-01-07,NA
2026-01-07,NA
2026-01-07,84
2026-01-07,NA
2026-01-07,85
2026-01-07,NA
2026-01-07,78
2026-01-07,NA
2026-01-07,283
2026-01-07,NA
2026-01-07,52
2026-01-07,46
2026-01-07,37
2026-01-07,71
2026-01-07,65
2026-01-07,NA
2026-01-07,35
2026-01-07,44
2026-01-07,12
2026-01-07,NA
2026-01-07,40
2026-01-07,25
2026-01-07,31
2026-01-07,31
2026-01-07,39
2026-01-07,26
2026-01-07,33
2026-01-07,20
2026-01-07,10
2026-01-07,31
2026-01-08,NA
2026-01-08,NA
2026-01-08,7
2026-01-08,4
2026-01-08,NA
2026-01-08,NA
2026-01-08,NA
2026-01-08,9
2026-01-08,15
2026-01-08,NA
2026-01-08,NA
2026-01-08,41
2026-01-08,30
2026-01-08,9
2026-01-08,NA
2026-01-08,NA
2026-01-08,58
2026-01-08,NA
2026-01-08,NA
2026-01-08,NA
2026-01-08,64
2026-01-08,48
2026-01-08,53
2026-01-08,101
2026-01-08,NA
2026-01-08,NA
2026-01-08,93
2026-01-08,62
2026-01-08,54
2026-01-08,122
2026-01-08,20
2026-01-08,103
2026-01-08,35
2026-01-08,NA
2026-01-08,NA
2026-01-08,NA
2026-01-08,NA
2026-01-08,NA
2026-01-08,NA
2026-01-08,86
2026-01-08,28
2026-01-08,62
2026-01-08,1
2026-01-08,10
2026-01-08,94
2026-01-08,9
2026-01-08,30
2026-01-08,28
2026-01-08,76
2026-01-08,50
2026-01-08,61
2026-01-08,4
2026-01-08,28
2026-01-08,56
2026-01-08,12
2026-01-08,47
2026-01-08,40
2026-01-08,33
2026-01-08,5
2026-01-08,9
2026-01-08,36
2026-01-08,23
2026-01-08,41
2026-01-08,36
2026-01-08,67
2026-01-08,NA
2026-01-08,66
2026-01-08,110
2026-01-08,14
2026-01-08,4
2026-01-08,25
2026-01-08,22
2026-01-08,35
2026-01-08,5
2026-01-08,NA
2026-01-08,61
2026-01-08,49
2026-01-08,19
2026-01-08,32
2026-01-08,38
2026-01-08,88
2026-01-08,29
2026-01-08,129
2026-01-08,97
2026-01-08,NA
2026-01-08,19
2026-01-08,85
2026-01-08,49
2026-01-08,96
2026-01-08,15
2026-01-08,45
2026-01-08,30
2026-01-08,33
2026-01-08,30
2026-01-08,3
2026-01-08,7
2026-01-08,51
2026-01-08,7
2026-01-08,15
2026-01-08,11
2026-01-08,13
2026-01-08,16
2026-01-08,21
2026-01-08,6
2026-01-08,29
2026-01-08,39
2026-01-08,30
2026-01-08,71
2026-01-08,50
2026-01-08,NA
2026-01-08,30
2026-01-08,NA
2026-01-08,NA
2026-01-08,85
2026-01-08,NA
2026-01-08,85
2026-01-08,NA
2026-01-08,78
2026-01-08,NA
2026-01-08,283
2026-01-08,NA
2026-01-08,52
2026-01-08,46
2026-01-08,37
2026-01-08,71
2026-01-08,65
2026-01-08,NA
2026-01-08,35
2026-01-08,44
2026-01-08,12
2026-01-08,NA
2026-01-08,40
2026-01-08,25
2026-01-08,31
2026-01-08,31
2026-01-08,38
2026-01-08,26
2026-01-08,33
2026-01-08,20
2026-01-08,10
2026-01-08,31
2026-01-09,NA
2026-01-09,NA
2026-01-09,7
2026-01-09,4
2026-01-09,NA
2026-01-09,NA
2026-01-09,NA
2026-01-09,10
2026-01-09,15
2026-01-09,NA
2026-01-09,NA
2026-01-09,41
2026-01-09,30
2026-01-09,8
2026-01-09,NA
2026-01-09,NA
2026-01-09,55
2026-01-09,NA
2026-01-09,NA
2026-01-09,NA
2026-01-09,64
2026-01-09,48
2026-01-09,53
2026-01-09,101
2026-01-09,NA
2026-01-09,NA
2026-01-09,93
2026-01-09,62
2026-01-09,54
2026-01-09,122
2026-01-09,20
2026-01-09,103
2026-01-09,35
2026-01-09,NA
2026-01-09,NA
2026-01-09,NA
2026-01-09,NA
2026-01-09,NA
2026-01-09,NA
2026-01-09,87
2026-01-09,28
2026-01-09,62
2026-01-09,1
2026-01-09,10
2026-01-09,93
2026-01-09,9
2026-01-09,29
2026-01-09,28
2026-01-09,70
2026-01-09,50
2026-01-09,61
2026-01-09,4
2026-01-09,16
2026-01-09,41
2026-01-09,48
2026-01-09,40
2026-01-09,33
2026-01-09,5
2026-01-09,9
2026-01-09,36
2026-01-09,22
2026-01-09,42
2026-01-09,36
2026-01-09,68
2026-01-09,NA
2026-01-09,65
2026-01-09,109
2026-01-09,15
2026-01-09,4
2026-01-09,25
2026-01-09,24
2026-01-09,35
2026-01-09,5
2026-01-09,NA
2026-01-09,60
2026-01-09,49
2026-01-09,18
2026-01-09,32
2026-01-09,38
2026-01-09,88
2026-01-09,33
2026-01-09,129
2026-01-09,98
2026-01-09,NA
2026-01-09,19
2026-01-09,85
2026-01-09,49
2026-01-09,102
2026-01-09,14
2026-01-09,45
2026-01-09,30
2026-01-09,33
2026-01-09,30
2026-01-09,3
2026-01-09,7
2026-01-09,52
2026-01-09,8
2026-01-09,15
2026-01-09,11
2026-01-09,14
2026-01-09,16
2026-01-09,21
2026-01-09,6
2026-01-09,29
2026-01-09,39
2026-01-09,30
2026-01-09,72
2026-01-09,50
2026-01-09,NA
2026-01-09,28
2026-01-09,NA
2026-01-09,NA
2026-01-09,85
2026-01-09,NA
2026-01-09,84
2026-01-09,NA
2026-01-09,78
2026-01-09,NA
2026-01-09,283
2026-01-09,NA
2026-01-09,51
2026-01-09,46
2026-01-09,37
2026-01-09,71
2026-01-09,65
2026-01-09,NA
2026-01-09,35
2026-01-09,44
2026-01-09,12
2026-01-09,NA
2026-01-09,40
2026-01-09,25
2026-01-09,31
2026-01-09,31
2026-01-09,39
2026-01-09,27
2026-01-09,33
2026-01-09,20
2026-01-09,9
2026-01-09,31
2026-01-10,NA
2026-01-10,NA
2026-01-10,6
2026-01-10,4
2026-01-10,NA
2026-01-10,NA
2026-01-10,NA
2026-01-10,10
2026-01-10,15
2026-01-10,NA
2026-01-10,NA
2026-01-10,41
2026-01-10,30
2026-01-10,8
2026-01-10,NA
2026-01-10,NA
2026-01-10,55
2026-01-10,NA
2026-01-10,NA
2026-01-10,NA
2026-01-10,64
2026-01-10,48
2026-01-10,53
2026-01-10,101
2026-01-10,NA
2026-01-10,NA
2026-01-10,93
2026-01-10,62
2026-01-10,54
2026-01-10,122
2026-01-10,20
2026-01-10,103
2026-01-10,35
2026-01-10,NA
2026-01-10,NA
2026-01-10,NA
2026-01-10,NA
2026-01-10,NA
2026-01-10,NA
2026-01-10,87
2026-01-10,28
2026-01-10,62
2026-01-10,1
2026-01-10,10
2026-01-10,94
2026-01-10,9
2026-01-10,29
2026-01-10,28
2026-01-10,70
2026-01-10,50
2026-01-10,61
2026-01-10,4
2026-01-10,37
2026-01-10,48
2026-01-10,38
2026-01-10,33
2026-01-10,5
2026-01-10,9
2026-01-10,35
2026-01-10,22
2026-01-10,43
2026-01-10,36
2026-01-10,68
2026-01-10,NA
2026-01-10,67
2026-01-10,108
2026-01-10,13
2026-01-10,4
2026-01-10,25
2026-01-10,23
2026-01-10,35
2026-01-10,5
2026-01-10,NA
2026-01-10,61
2026-01-10,49
2026-01-10,18
2026-01-10,32
2026-01-10,38
2026-01-10,88
2026-01-10,36
2026-01-10,131
2026-01-10,97
2026-01-10,NA
2026-01-10,19
2026-01-10,85
2026-01-10,49
2026-01-10,102
2026-01-10,14
2026-01-10,45
2026-01-10,30
2026-01-10,33
2026-01-10,29
2026-01-10,3
2026-01-10,7
2026-01-10,52
2026-01-10,8
2026-01-10,15
2026-01-10,11
2026-01-10,14
2026-01-10,16
2026-01-10,21
2026-01-10,6
2026-01-10,29
2026-01-10,39
2026-01-10,30
2026-01-10,72
2026-01-10,50
2026-01-10,NA
2026-01-10,26
2026-01-10,NA
2026-01-10,NA
2026-01-10,85
2026-01-10,NA
2026-01-10,84
2026-01-10,NA
2026-01-10,78
2026-01-10,NA
2026-01-10,283
2026-01-10,NA
2026-01-10,52
2026-01-10,46
2026-01-10,37
2026-01-10,71
2026-01-10,65
2026-01-10,NA
2026-01-10,35
2026-01-10,44
2026-01-10,12
2026-01-10,NA
2026-01-10,40
2026-01-10,25
2026-01-10,31
2026-01-10,31
2026-01-10,40
2026-01-10,27
2026-01-10,33
2026-01-10,20
2026-01-10,10
2026-01-10,31
2026-01-11,NA
2026-01-11,NA
2026-01-11,6
2026-01-11,4
2026-01-11,NA
2026-01-11,NA
2026-01-11,NA
2026-01-11,10
2026-01-11,15
2026-01-11,NA
2026-01-11,NA
2026-01-11,41
2026-01-11,30
2026-01-11,6
2026-01-11,8
2026-01-11,NA
2026-01-11,NA
2026-01-11,62
2026-01-11,NA
2026-01-11,NA
2026-01-11,NA
2026-01-11,64
2026-01-11,48
2026-01-11,53
2026-01-11,101
2026-01-11,NA
2026-01-11,NA
2026-01-11,93
2026-01-11,62
2026-01-11,54
2026-01-11,121
2026-01-11,20
2026-01-11,103
2026-01-11,35
2026-01-11,NA
2026-01-11,NA
2026-01-11,NA
2026-01-11,NA
2026-01-11,NA
2026-01-11,NA
2026-01-11,86
2026-01-11,28
2026-01-11,62
2026-01-11,1
2026-01-11,10
2026-01-11,94
2026-01-11,9
2026-01-11,27
2026-01-11,28
2026-01-11,70
2026-01-11,50
2026-01-11,60
2026-01-11,4
2026-01-11,14
2026-01-11,72
2026-01-11,13
2026-01-11,48
2026-01-11,39
2026-01-11,33
2026-01-11,5
2026-01-11,9
2026-01-11,35
2026-01-11,22
2026-01-11,42
2026-01-11,36
2026-01-11,68
2026-01-11,NA
2026-01-11,68
2026-01-11,108
2026-01-11,13
2026-01-11,3
2026-01-11,25
2026-01-11,22
2026-01-11,35
2026-01-11,5
2026-01-11,NA
2026-01-11,61
2026-01-11,47
2026-01-11,18
2026-01-11,32
2026-01-11,38
2026-01-11,88
2026-01-11,35
2026-01-11,131
2026-01-11,97
2026-01-11,NA
2026-01-11,19
2026-01-11,86
2026-01-11,49
2026-01-11,105
2026-01-11,13
2026-01-11,45
2026-01-11,30
2026-01-11,33
2026-01-11,30
2026-01-11,3
2026-01-11,7
2026-01-11,52
2026-01-11,9
2026-01-11,15
2026-01-11,11
2026-01-11,14
2026-01-11,16
2026-01-11,21
2026-01-11,6
2026-01-11,29
2026-01-11,39
2026-01-11,30
2026-01-11,72
2026-01-11,50
2026-01-11,NA
2026-01-11,28
2026-01-11,NA
2026-01-11,NA
2026-01-11,85
2026-01-11,NA
2026-01-11,86
2026-01-11,NA
2026-01-11,78
2026-01-11,NA
2026-01-11,282
2026-01-11,NA
2026-01-11,51
2026-01-11,46
2026-01-11,37
2026-01-11,71
2026-01-11,65
2026-01-11,NA
2026-01-11,35
2026-01-11,44
2026-01-11,12
2026-01-11,NA
2026-01-11,40
2026-01-11,25
2026-01-11,31
2026-01-11,31
2026-01-11,40
2026-01-11,27
2026-01-11,33
2026-01-11,20
2026-01-11,10
2026-01-11,31
2026-01-12,NA
2026-01-12,NA
2026-01-12,6
2026-01-12,4
2026-01-12,NA
2026-01-12,NA
2026-01-12,NA
2026-01-12,10
2026-01-12,15
2026-01-12,NA
2026-01-12,NA
2026-01-12,41
2026-01-12,30
2026-01-12,21
2026-01-12,8
2026-01-12,NA
2026-01-12,NA
2026-01-12,66
2026-01-12,NA
2026-01-12,NA
2026-01-12,NA
2026-01-12,66
2026-01-12,48
2026-01-12,53
2026-01-12,101
2026-01-12,NA
2026-01-12,NA
2026-01-12,93
2026-01-12,62
2026-01-12,54
2026-01-12,122
2026-01-12,20
2026-01-12,101
2026-01-12,35
2026-01-12,NA
2026-01-12,NA
2026-01-12,NA
2026-01-12,NA
2026-01-12,NA
2026-01-12,NA
2026-01-12,86
2026-01-12,28
2026-01-12,62
2026-01-12,1
2026-01-12,10
2026-01-12,93
2026-01-12,8
2026-01-12,29
2026-01-12,28
2026-01-12,71
2026-01-12,50
2026-01-12,60
2026-01-12,3
2026-01-12,25
2026-01-12,71
2026-01-12,31
2026-01-12,48
2026-01-12,39
2026-01-12,32
2026-01-12,5
2026-01-12,9
2026-01-12,36
2026-01-12,22
2026-01-12,43
2026-01-12,36
2026-01-12,68
2026-01-12,NA
2026-01-12,69
2026-01-12,109
2026-01-12,13
2026-01-12,3
2026-01-12,25
2026-01-12,23
2026-01-12,35
2026-01-12,5
2026-01-12,NA
2026-01-12,61
2026-01-12,47
2026-01-12,18
2026-01-12,31
2026-01-12,38
2026-01-12,88
2026-01-12,33
2026-01-12,129
2026-01-12,98
2026-01-12,NA
2026-01-12,19
2026-01-12,85
2026-01-12,49
2026-01-12,108
2026-01-12,13
2026-01-12,45
2026-01-12,30
2026-01-12,33
2026-01-12,30
2026-01-12,10
2026-01-12,50
2026-01-12,9
2026-01-12,15
2026-01-12,11
2026-01-12,12
2026-01-12,16
2026-01-12,21
2026-01-12,6
2026-01-12,29
2026-01-12,39
2026-01-12,30
2026-01-12,71
2026-01-12,50
2026-01-12,NA
2026-01-12,30
2026-01-12,NA
2026-01-12,NA
2026-01-12,85
2026-01-12,NA
2026-01-12,86
2026-01-12,NA
2026-01-12,78
2026-01-12,NA
2026-01-12,281
2026-01-12,NA
2026-01-12,51
2026-01-12,46
2026-01-12,37
2026-01-12,71
2026-01-12,65
2026-01-12,NA
2026-01-12,35
2026-01-12,44
2026-01-12,12
2026-01-12,NA
2026-01-12,40
2026-01-12,25
2026-01-12,31
2026-01-12,31
2026-01-12,40
2026-01-12,27
2026-01-12,33
2026-01-12,20
2026-01-12,10
2026-01-12,31
2026-01-13,NA
2026-01-13,NA
2026-01-13,6
2026-01-13,4
2026-01-13,NA
2026-01-13,NA
2026-01-13,NA
2026-01-13,10
2026-01-13,15
2026-01-13,NA
2026-01-13,NA
2026-01-13,41
2026-01-13,30
2026-01-13,22
2026-01-13,8
2026-01-13,NA
2026-01-13,NA
2026-01-13,65
2026-01-13,NA
2026-01-13,NA
2026-01-13,NA
2026-01-13,66
2026-01-13,48
2026-01-13,53
2026-01-13,100
2026-01-13,NA
2026-01-13,NA
2026-01-13,93
2026-01-13,62
2026-01-13,55
2026-01-13,121
2026-01-13,20
2026-01-13,102
2026-01-13,32
2026-01-13,NA
2026-01-13,NA
2026-01-13,NA
2026-01-13,NA
2026-01-13,NA
2026-01-13,NA
2026-01-13,85
2026-01-13,28
2026-01-13,62
2026-01-13,1
2026-01-13,10
2026-01-13,94
2026-01-13,9
2026-01-13,29
2026-01-13,28
2026-01-13,73
2026-01-13,50
2026-01-13,61
2026-01-13,2
2026-01-13,29
2026-01-13,74
2026-01-13,40
2026-01-13,48
2026-01-13,40
2026-01-13,32
2026-01-13,5
2026-01-13,9
2026-01-13,36
2026-01-13,22
2026-01-13,43
2026-01-13,35
2026-01-13,68
2026-01-13,NA
2026-01-13,70
2026-01-13,106
2026-01-13,12
2026-01-13,4
2026-01-13,25
2026-01-13,24
2026-01-13,35
2026-01-13,5
2026-01-13,NA
2026-01-13,61
2026-01-13,44
2026-01-13,18
2026-01-13,30
2026-01-13,38
2026-01-13,88
2026-01-13,31
2026-01-13,129
2026-01-13,98
2026-01-13,NA
2026-01-13,19
2026-01-13,85
2026-01-13,49
2026-01-13,110
2026-01-13,13
2026-01-13,45
2026-01-13,30
2026-01-13,33
2026-01-13,30
2026-01-13,10
2026-01-13,49
2026-01-13,11
2026-01-13,15
2026-01-13,11
2026-01-13,12
2026-01-13,16
2026-01-13,21
2026-01-13,6
2026-01-13,29
2026-01-13,38
2026-01-13,30
2026-01-13,72
2026-01-13,50
2026-01-13,NA
2026-01-13,30
2026-01-13,NA
2026-01-13,NA
2026-01-13,85
2026-01-13,NA
2026-01-13,86
2026-01-13,NA
2026-01-13,78
2026-01-13,NA
2026-01-13,283
2026-01-13,NA
2026-01-13,52
2026-01-13,46
2026-01-13,37
2026-01-13,71
2026-01-13,65
2026-01-13,NA
2026-01-13,35
2026-01-13,44
2026-01-13,12
2026-01-13,NA
2026-01-13,40
2026-01-13,25
2026-01-13,31
2026-01-13,30
2026-01-13,40
2026-01-13,27
2026-01-13,33
2026-01-13,20
2026-01-13,10
2026-01-13,30
2026-01-14,NA
2026-01-14,NA
2026-01-14,6
2026-01-14,4
2026-01-14,NA
2026-01-14,NA
2026-01-14,NA
2026-01-14,10
2026-01-14,15
2026-01-14,NA
2026-01-14,NA
2026-01-14,41
2026-01-14,30
2026-01-14,22
2026-01-14,8
2026-01-14,NA
2026-01-14,NA
2026-01-14,67
2026-01-14,NA
2026-01-14,NA
2026-01-14,NA
2026-01-14,68
2026-01-14,48
2026-01-14,53
2026-01-14,99
2026-01-14,NA
2026-01-14,NA
2026-01-14,93
2026-01-14,62
2026-01-14,55
2026-01-14,122
2026-01-14,21
2026-01-14,99
2026-01-14,33
2026-01-14,NA
2026-01-14,NA
2026-01-14,NA
2026-01-14,NA
2026-01-14,NA
2026-01-14,NA
2026-01-14,85
2026-01-14,28
2026-01-14,62
2026-01-14,1
2026-01-14,10
2026-01-14,93
2026-01-14,9
2026-01-14,29
2026-01-14,28
2026-01-14,75
2026-01-14,50
2026-01-14,61
2026-01-14,3
2026-01-14,30
2026-01-14,75
2026-01-14,46
2026-01-14,48
2026-01-14,39
2026-01-14,33
2026-01-14,5
2026-01-14,8
2026-01-14,36
2026-01-14,22
2026-01-14,44
2026-01-14,36
2026-01-14,68
2026-01-14,NA
2026-01-14,69
2026-01-14,110
2026-01-14,12
2026-01-14,4
2026-01-14,25
2026-01-14,23
2026-01-14,35
2026-01-14,5
2026-01-14,NA
2026-01-14,61
2026-01-14,42
2026-01-14,18
2026-01-14,28
2026-01-14,38
2026-01-14,88
2026-01-14,33
2026-01-14,130
2026-01-14,98
2026-01-14,NA
2026-01-14,20
2026-01-14,85
2026-01-14,49
2026-01-14,106
2026-01-14,10
2026-01-14,45
2026-01-14,30
2026-01-14,33
2026-01-14,30
2026-01-14,10
2026-01-14,50
2026-01-14,11
2026-01-14,14
2026-01-14,11
2026-01-14,13
2026-01-14,16
2026-01-14,21
2026-01-14,6
2026-01-14,29
2026-01-14,39
2026-01-14,30
2026-01-14,72
2026-01-14,50
2026-01-14,NA
2026-01-14,30
2026-01-14,NA
2026-01-14,NA
2026-01-14,86
2026-01-14,NA
2026-01-14,86
2026-01-14,NA
2026-01-14,78
2026-01-14,NA
2026-01-14,283
2026-01-14,NA
2026-01-14,52
2026-01-14,46
2026-01-14,37
2026-01-14,71
2026-01-14,65
2026-01-14,NA
2026-01-14,35
2026-01-14,45
2026-01-14,12
2026-01-14,NA
2026-01-14,40
2026-01-14,25
2026-01-14,31
2026-01-14,31
2026-01-14,40
2026-01-14,27
2026-01-14,33
2026-01-14,20
2026-01-14,10
2026-01-14,30
2026-01-15,NA
2026-01-15,NA
2026-01-15,6
2026-01-15,4
2026-01-15,NA
2026-01-15,NA
2026-01-15,NA
2026-01-15,10
2026-01-15,15
2026-01-15,NA
2026-01-15,NA
2026-01-15,41
2026-01-15,8
2026-01-15,30
2026-01-15,22
2026-01-15,8
2026-01-15,NA
2026-01-15,NA
2026-01-15,27
2026-01-15,67
2026-01-15,NA
2026-01-15,NA
2026-01-15,NA
2026-01-15,7
2026-01-15,68
2026-01-15,48
2026-01-15,53
2026-01-15,101
2026-01-15,2
2026-01-15,NA
2026-01-15,NA
2026-01-15,93
2026-01-15,62
2026-01-15,4
2026-01-15,55
2026-01-15,121
2026-01-15,21
2026-01-15,99
2026-01-15,32
2026-01-15,3
2026-01-15,NA
2026-01-15,NA
2026-01-15,NA
2026-01-15,NA
2026-01-15,NA
2026-01-15,NA
2026-01-15,1
2026-01-15,86
2026-01-15,28
2026-01-15,1
2026-01-15,62
2026-01-15,1
2026-01-15,10
2026-01-15,93
2026-01-15,9
2026-01-15,28
2026-01-15,28
2026-01-15,75
2026-01-15,50
2026-01-15,61
2026-01-15,3
2026-01-15,25
2026-01-15,74
2026-01-15,22
2026-01-15,43
2026-01-15,48
2026-01-15,39
2026-01-15,33
2026-01-15,5
2026-01-15,8
2026-01-15,36
2026-01-15,22
2026-01-15,44
2026-01-15,36
2026-01-15,68
2026-01-15,NA
2026-01-15,69
2026-01-15,109
2026-01-15,13
2026-01-15,4
2026-01-15,25
2026-01-15,23
2026-01-15,35
2026-01-15,5
2026-01-15,NA
2026-01-15,61
2026-01-15,40
2026-01-15,18
2026-01-15,28
2026-01-15,38
2026-01-15,88
2026-01-15,34
2026-01-15,130
2026-01-15,98
2026-01-15,2
2026-01-15,NA
2026-01-15,20
2026-01-15,85
2026-01-15,49
2026-01-15,107
2026-01-15,12
2026-01-15,45
2026-01-15,1
2026-01-15,30
2026-01-15,33
2026-01-15,30
2026-01-15,2
2026-01-15,10
2026-01-15,51
2026-01-15,11
2026-01-15,13
2026-01-15,11
2026-01-15,13
2026-01-15,16
2026-01-15,21
2026-01-15,6
2026-01-15,29
2026-01-15,39
2026-01-15,30
2026-01-15,72
2026-01-15,50
2026-01-15,NA
2026-01-15,29
2026-01-15,NA
2026-01-15,NA
2026-01-15,86
2026-01-15,NA
2026-01-15,86
2026-01-15,NA
2026-01-15,78
2026-01-15,NA
2026-01-15,283
2026-01-15,NA
2026-01-15,52
2026-01-15,46
2026-01-15,37
2026-01-15,71
2026-01-15,65
2026-01-15,NA
2026-01-15,35
2026-01-15,43
2026-01-15,12
2026-01-15,NA
2026-01-15,40
2026-01-15,25
2026-01-15,31
2026-01-15,31
2026-01-15,39
2026-01-15,26
2026-01-15,33
2026-01-15,20
2026-01-15,10
2026-01-15,30
2026-01-16,NA
2026-01-16,NA
2026-01-16,6
2026-01-16,4
2026-01-16,NA
2026-01-16,NA
2026-01-16,NA
2026-01-16,10
2026-01-16,15
2026-01-16,NA
2026-01-16,NA
2026-01-16,41
2026-01-16,10
2026-01-16,30
2026-01-16,21
2026-01-16,8
2026-01-16,NA
2026-01-16,NA
2026-01-16,30
2026-01-16,67
2026-01-16,NA
2026-01-16,NA
2026-01-16,NA
2026-01-16,9
2026-01-16,67
2026-01-16,48
2026-01-16,53
2026-01-16,101
2026-01-16,2
2026-01-16,NA
2026-01-16,NA
2026-01-16,93
2026-01-16,62
2026-01-16,4
2026-01-16,54
2026-01-16,121
2026-01-16,21
2026-01-16,102
2026-01-16,31
2026-01-16,8
2026-01-16,NA
2026-01-16,NA
2026-01-16,NA
2026-01-16,NA
2026-01-16,NA
2026-01-16,NA
2026-01-16,3
2026-01-16,87
2026-01-16,28
2026-01-16,1
2026-01-16,62
2026-01-16,1
2026-01-16,10
2026-01-16,93
2026-01-16,9
2026-01-16,29
2026-01-16,28
2026-01-16,77
2026-01-16,50
2026-01-16,60
2026-01-16,5
2026-01-16,30
2026-01-16,75
2026-01-16,19
2026-01-16,42
2026-01-16,48
2026-01-16,36
2026-01-16,33
2026-01-16,5
2026-01-16,8
2026-01-16,36
2026-01-16,22
2026-01-16,45
2026-01-16,36
2026-01-16,68
2026-01-16,NA
2026-01-16,70
2026-01-16,109
2026-01-16,12
2026-01-16,4
2026-01-16,25
2026-01-16,24
2026-01-16,35
2026-01-16,5
2026-01-16,NA
2026-01-16,61
2026-01-16,40
2026-01-16,18
2026-01-16,28
2026-01-16,38
2026-01-16,88
2026-01-16,34
2026-01-16,131
2026-01-16,99
2026-01-16,1
2026-01-16,2
2026-01-16,NA
2026-01-16,20
2026-01-16,83
2026-01-16,49
2026-01-16,106
2026-01-16,13
2026-01-16,45
2026-01-16,1
2026-01-16,30
2026-01-16,33
2026-01-16,30
2026-01-16,2
2026-01-16,10
2026-01-16,51
2026-01-16,14
2026-01-16,13
2026-01-16,11
2026-01-16,13
2026-01-16,16
2026-01-16,21
2026-01-16,6
2026-01-16,29
2026-01-16,39
2026-01-16,30
2026-01-16,72
2026-01-16,50
2026-01-16,NA
2026-01-16,30
2026-01-16,NA
2026-01-16,NA
2026-01-16,86
2026-01-16,NA
2026-01-16,86
2026-01-16,NA
2026-01-16,78
2026-01-16,NA
2026-01-16,283
2026-01-16,NA
2026-01-16,52
2026-01-16,46
2026-01-16,37
2026-01-16,2
2026-01-16,71
2026-01-16,65
2026-01-16,NA
2026-01-16,35
2026-01-16,45
2026-01-16,1
2026-01-16,12
2026-01-16,NA
2026-01-16,40
2026-01-16,25
2026-01-16,31
2026-01-16,31
2026-01-16,40
2026-01-16,27
2026-01-16,32
2026-01-16,20
2026-01-16,10
2026-01-16,30
2026-01-17,NA
2026-01-17,NA
2026-01-17,6
2026-01-17,4
2026-01-17,NA
2026-01-17,NA
2026-01-17,NA
2026-01-17,10
2026-01-17,15
2026-01-17,NA
2026-01-17,NA
2026-01-17,41
2026-01-17,10
2026-01-17,30
2026-01-17,21
2026-01-17,8
2026-01-17,NA
2026-01-17,NA
2026-01-17,23
2026-01-17,68
2026-01-17,NA
2026-01-17,NA
2026-01-17,NA
2026-01-17,8
2026-01-17,67
2026-01-17,48
2026-01-17,51
2026-01-17,101
2026-01-17,5
2026-01-17,NA
2026-01-17,NA
2026-01-17,93
2026-01-17,62
2026-01-17,4
2026-01-17,54
2026-01-17,122
2026-01-17,21
2026-01-17,101
2026-01-17,31
2026-01-17,8
2026-01-17,NA
2026-01-17,NA
2026-01-17,NA
2026-01-17,NA
2026-01-17,NA
2026-01-17,NA
2026-01-17,3
2026-01-17,87
2026-01-17,28
2026-01-17,1
2026-01-17,62
2026-01-17,1
2026-01-17,10
2026-01-17,94
2026-01-17,2
2026-01-17,9
2026-01-17,30
2026-01-17,28
2026-01-17,77
2026-01-17,50
2026-01-17,60
2026-01-17,6
2026-01-17,26
2026-01-17,75
2026-01-17,30
2026-01-17,46
2026-01-17,47
2026-01-17,37
2026-01-17,33
2026-01-17,5
2026-01-17,8
2026-01-17,36
2026-01-17,22
2026-01-17,45
2026-01-17,36
2026-01-17,68
2026-01-17,NA
2026-01-17,69
2026-01-17,109
2026-01-17,12
2026-01-17,4
2026-01-17,25
2026-01-17,25
2026-01-17,35
2026-01-17,5
2026-01-17,NA
2026-01-17,61
2026-01-17,40
2026-01-17,18
2026-01-17,27
2026-01-17,37
2026-01-17,88
2026-01-17,36
2026-01-17,131
2026-01-17,99
2026-01-17,2
2026-01-17,3
2026-01-17,NA
2026-01-17,20
2026-01-17,84
2026-01-17,49
2026-01-17,110
2026-01-17,13
2026-01-17,45
2026-01-17,30
2026-01-17,33
2026-01-17,30
2026-01-17,2
2026-01-17,10
2026-01-17,51
2026-01-17,14
2026-01-17,13
2026-01-17,11
2026-01-17,13
2026-01-17,16
2026-01-17,21
2026-01-17,6
2026-01-17,29
2026-01-17,39
2026-01-17,30
2026-01-17,72
2026-01-17,50
2026-01-17,NA
2026-01-17,29
2026-01-17,NA
2026-01-17,NA
2026-01-17,86
2026-01-17,NA
2026-01-17,86
2026-01-17,NA
2026-01-17,78
2026-01-17,NA
2026-01-17,281
2026-01-17,NA
2026-01-17,52
2026-01-17,46
2026-01-17,37
2026-01-17,2
2026-01-17,71
2026-01-17,65
2026-01-17,NA
2026-01-17,35
2026-01-17,45
2026-01-17,1
2026-01-17,12
2026-01-17,NA
2026-01-17,40
2026-01-17,25
2026-01-17,31
2026-01-17,31
2026-01-17,39
2026-01-17,26
2026-01-17,31
2026-01-17,20
2026-01-17,10
2026-01-17,30
2026-01-18,NA
2026-01-18,NA
2026-01-18,6
2026-01-18,4
2026-01-18,NA
2026-01-18,NA
2026-01-18,NA
2026-01-18,10
2026-01-18,15
2026-01-18,NA
2026-01-18,NA
2026-01-18,41
2026-01-18,9
2026-01-18,30
2026-01-18,20
2026-01-18,9
2026-01-18,NA
2026-01-18,NA
2026-01-18,9
2026-01-18,68
2026-01-18,NA
2026-01-18,NA
2026-01-18,NA
2026-01-18,6
2026-01-18,68
2026-01-18,48
2026-01-18,51
2026-01-18,101
2026-01-18,5
2026-01-18,NA
2026-01-18,NA
2026-01-18,93
2026-01-18,62
2026-01-18,3
2026-01-18,54
2026-01-18,122
2026-01-18,21
2026-01-18,102
2026-01-18,31
2026-01-18,8
2026-01-18,NA
2026-01-18,NA
2026-01-18,NA
2026-01-18,NA
2026-01-18,NA
2026-01-18,NA
2026-01-18,3
2026-01-18,87
2026-01-18,28
2026-01-18,1
2026-01-18,62
2026-01-18,1
2026-01-18,10
2026-01-18,94
2026-01-18,1
2026-01-18,9
2026-01-18,30
2026-01-18,28
2026-01-18,77
2026-01-18,50
2026-01-18,61
2026-01-18,6
2026-01-18,30
2026-01-18,75
2026-01-18,23
2026-01-18,45
2026-01-18,47
2026-01-18,38
2026-01-18,33
2026-01-18,5
2026-01-18,8
2026-01-18,36
2026-01-18,22
2026-01-18,44
2026-01-18,36
2026-01-18,70
2026-01-18,NA
2026-01-18,69
2026-01-18,110
2026-01-18,14
2026-01-18,4
2026-01-18,25
2026-01-18,25
2026-01-18,35
2026-01-18,5
2026-01-18,NA
2026-01-18,61
2026-01-18,40
2026-01-18,18
2026-01-18,27
2026-01-18,37
2026-01-18,88
2026-01-18,35
2026-01-18,131
2026-01-18,99
2026-01-18,3
2026-01-18,NA
2026-01-18,20
2026-01-18,85
2026-01-18,49
2026-01-18,110
2026-01-18,13
2026-01-18,45
2026-01-18,1
2026-01-18,30
2026-01-18,33
2026-01-18,30
2026-01-18,3
2026-01-18,10
2026-01-18,50
2026-01-18,13
2026-01-18,13
2026-01-18,11
2026-01-18,13
2026-01-18,16
2026-01-18,21
2026-01-18,6
2026-01-18,29
2026-01-18,38
2026-01-18,29
2026-01-18,72
2026-01-18,50
2026-01-18,NA
2026-01-18,30
2026-01-18,NA
2026-01-18,NA
2026-01-18,86
2026-01-18,NA
2026-01-18,86
2026-01-18,NA
2026-01-18,78
2026-01-18,NA
2026-01-18,283
2026-01-18,NA
2026-01-18,52
2026-01-18,46
2026-01-18,37
2026-01-18,2
2026-01-18,71
2026-01-18,65
2026-01-18,NA
2026-01-18,35
2026-01-18,45
2026-01-18,11
2026-01-18,NA
2026-01-18,40
2026-01-18,25
2026-01-18,31
2026-01-18,31
2026-01-18,40
2026-01-18,27
2026-01-18,33
2026-01-18,19
2026-01-18,10
2026-01-18,30
2026-01-19,NA
2026-01-19,NA
2026-01-19,6
2026-01-19,4
2026-01-19,NA
2026-01-19,NA
2026-01-19,NA
2026-01-19,10
2026-01-19,15
2026-01-19,NA
2026-01-19,NA
2026-01-19,41
2026-01-19,9
2026-01-19,30
2026-01-19,21
2026-01-19,10
2026-01-19,NA
2026-01-19,NA
2026-01-19,30
2026-01-19,64
2026-01-19,NA
2026-01-19,NA
2026-01-19,NA
2026-01-19,8
2026-01-19,68
2026-01-19,48
2026-01-19,51
2026-01-19,101
2026-01-19,6
2026-01-19,NA
2026-01-19,NA
2026-01-19,93
2026-01-19,62
2026-01-19,6
2026-01-19,54
2026-01-19,122
2026-01-19,21
2026-01-19,101
2026-01-19,30
2026-01-19,7
2026-01-19,NA
2026-01-19,NA
2026-01-19,NA
2026-01-19,NA
2026-01-19,NA
2026-01-19,NA
2026-01-19,3
2026-01-19,87
2026-01-19,28
2026-01-19,62
2026-01-19,1
2026-01-19,10
2026-01-19,94
2026-01-19,1
2026-01-19,9
2026-01-19,29
2026-01-19,28
2026-01-19,75
2026-01-19,50
2026-01-19,61
2026-01-19,6
2026-01-19,28
2026-01-19,75
2026-01-19,28
2026-01-19,46
2026-01-19,48
2026-01-19,40
2026-01-19,33
2026-01-19,5
2026-01-19,8
2026-01-19,36
2026-01-19,22
2026-01-19,45
2026-01-19,36
2026-01-19,69
2026-01-19,NA
2026-01-19,67
2026-01-19,110
2026-01-19,14
2026-01-19,4
2026-01-19,25
2026-01-19,25
2026-01-19,35
2026-01-19,5
2026-01-19,NA
2026-01-19,60
2026-01-19,40
2026-01-19,18
2026-01-19,26
2026-01-19,37
2026-01-19,88
2026-01-19,38
2026-01-19,135
2026-01-19,101
2026-01-19,2
2026-01-19,2
2026-01-19,NA
2026-01-19,20
2026-01-19,75
2026-01-19,49
2026-01-19,108
2026-01-19,15
2026-01-19,45
2026-01-19,1
2026-01-19,30
2026-01-19,33
2026-01-19,30
2026-01-19,5
2026-01-19,10
2026-01-19,51
2026-01-19,15
2026-01-19,11
2026-01-19,10
2026-01-19,12
2026-01-19,16
2026-01-19,21
2026-01-19,5
2026-01-19,29
2026-01-19,2
2026-01-19,39
2026-01-19,30
2026-01-19,72
2026-01-19,50
2026-01-19,NA
2026-01-19,30
2026-01-19,NA
2026-01-19,NA
2026-01-19,86
2026-01-19,NA
2026-01-19,86
2026-01-19,NA
2026-01-19,78
2026-01-19,NA
2026-01-19,283
2026-01-19,NA
2026-01-19,51
2026-01-19,46
2026-01-19,37
2026-01-19,1
2026-01-19,71
2026-01-19,65
2026-01-19,NA
2026-01-19,35
2026-01-19,45
2026-01-19,1
2026-01-19,12
2026-01-19,NA
2026-01-19,40
2026-01-19,25
2026-01-19,31
2026-01-19,31
2026-01-19,39
2026-01-19,26
2026-01-19,33
2026-01-19,19
2026-01-19,10
2026-01-19,2
2026-01-19,30
2026-01-20,NA
2026-01-20,NA
2026-01-20,6
2026-01-20,4
2026-01-20,NA
2026-01-20,NA
2026-01-20,NA
2026-01-20,10
2026-01-20,15
2026-01-20,NA
2026-01-20,NA
2026-01-20,41
2026-01-20,10
2026-01-20,30
2026-01-20,22
2026-01-20,10
2026-01-20,NA
2026-01-20,NA
2026-01-20,30
2026-01-20,67
2026-01-20,NA
2026-01-20,NA
2026-01-20,NA
2026-01-20,10
2026-01-20,68
2026-01-20,48
2026-01-20,51
2026-01-20,101
2026-01-20,8
2026-01-20,NA
2026-01-20,NA
2026-01-20,93
2026-01-20,62
2026-01-20,6
2026-01-20,55
2026-01-20,122
2026-01-20,21
2026-01-20,102
2026-01-20,30
2026-01-20,9
2026-01-20,NA
2026-01-20,NA
2026-01-20,NA
2026-01-20,NA
2026-01-20,NA
2026-01-20,NA
2026-01-20,4
2026-01-20,87
2026-01-20,28
2026-01-20,1
2026-01-20,62
2026-01-20,1
2026-01-20,10
2026-01-20,94
2026-01-20,1
2026-01-20,9
2026-01-20,30
2026-01-20,27
2026-01-20,77
2026-01-20,50
2026-01-20,61
2026-01-20,5
2026-01-20,30
2026-01-20,73
2026-01-20,30
2026-01-20,46
2026-01-20,47
2026-01-20,40
2026-01-20,1
2026-01-20,31
2026-01-20,5
2026-01-20,8
2026-01-20,36
2026-01-20,22
2026-01-20,45
2026-01-20,36
2026-01-20,69
2026-01-20,NA
2026-01-20,69
2026-01-20,109
2026-01-20,15
2026-01-20,4
2026-01-20,25
2026-01-20,25
2026-01-20,35
2026-01-20,5
2026-01-20,NA
2026-01-20,59
2026-01-20,40
2026-01-20,18
2026-01-20,26
2026-01-20,37
2026-01-20,88
2026-01-20,36
2026-01-20,136
2026-01-20,101
2026-01-20,2
2026-01-20,2
2026-01-20,NA
2026-01-20,20
2026-01-20,82
2026-01-20,49
2026-01-20,107
2026-01-20,15
2026-01-20,45
2026-01-20,1
2026-01-20,30
2026-01-20,33
2026-01-20,30
2026-01-20,5
2026-01-20,10
2026-01-20,51
2026-01-20,14
2026-01-20,10
2026-01-20,10
2026-01-20,12
2026-01-20,16
2026-01-20,21
2026-01-20,6
2026-01-20,29
2026-01-20,4
2026-01-20,39
2026-01-20,30
2026-01-20,72
2026-01-20,50
2026-01-20,NA
2026-01-20,30
2026-01-20,NA
2026-01-20,NA
2026-01-20,86
2026-01-20,NA
2026-01-20,86
2026-01-20,NA
2026-01-20,78
2026-01-20,NA
2026-01-20,283
2026-01-20,NA
2026-01-20,52
2026-01-20,46
2026-01-20,37
2026-01-20,3
2026-01-20,71
2026-01-20,65
2026-01-20,NA
2026-01-20,35
2026-01-20,1
2026-01-20,45
2026-01-20,1
2026-01-20,12
2026-01-20,NA
2026-01-20,40
2026-01-20,25
2026-01-20,31
2026-01-20,31
2026-01-20,39
2026-01-20,26
2026-01-20,32
2026-01-20,19
2026-01-20,10
2026-01-20,2
2026-01-20,30
2026-01-21,NA
2026-01-21,NA
2026-01-21,6
2026-01-21,4
2026-01-21,NA
2026-01-21,NA
2026-01-21,NA
2026-01-21,10
2026-01-21,15
2026-01-21,NA
2026-01-21,NA
2026-01-21,41
2026-01-21,10
2026-01-21,30
2026-01-21,22
2026-01-21,10
2026-01-21,NA
2026-01-21,NA
2026-01-21,29
2026-01-21,63
2026-01-21,NA
2026-01-21,NA
2026-01-21,NA
2026-01-21,10
2026-01-21,68
2026-01-21,48
2026-01-21,51
2026-01-21,101
2026-01-21,10
2026-01-21,NA
2026-01-21,NA
2026-01-21,4
2026-01-21,93
2026-01-21,62
2026-01-21,6
2026-01-21,55
2026-01-21,120
2026-01-21,22
2026-01-21,99
2026-01-21,30
2026-01-21,11
2026-01-21,NA
2026-01-21,NA
2026-01-21,NA
2026-01-21,NA
2026-01-21,NA
2026-01-21,NA
2026-01-21,5
2026-01-21,85
2026-01-21,28
2026-01-21,2
2026-01-21,62
2026-01-21,1
2026-01-21,10
2026-01-21,94
2026-01-21,1
2026-01-21,9
2026-01-21,30
2026-01-21,27
2026-01-21,77
2026-01-21,50
2026-01-21,61
2026-01-21,4
2026-01-21,30
2026-01-21,74
2026-01-21,30
2026-01-21,43
2026-01-21,47
2026-01-21,40
2026-01-21,2
2026-01-21,31
2026-01-21,5
2026-01-21,8
2026-01-21,36
2026-01-21,21
2026-01-21,43
2026-01-21,36
2026-01-21,69
2026-01-21,NA
2026-01-21,70
2026-01-21,110
2026-01-21,15
2026-01-21,4
2026-01-21,25
2026-01-21,24
2026-01-21,35
2026-01-21,5
2026-01-21,NA
2026-01-21,58
2026-01-21,40
2026-01-21,17
2026-01-21,26
2026-01-21,38
2026-01-21,86
2026-01-21,37
2026-01-21,136
2026-01-21,100
2026-01-21,2
2026-01-21,2
2026-01-21,NA
2026-01-21,20
2026-01-21,82
2026-01-21,48
2026-01-21,108
2026-01-21,15
2026-01-21,45
2026-01-21,30
2026-01-21,33
2026-01-21,30
2026-01-21,5
2026-01-21,10
2026-01-21,50
2026-01-21,12
2026-01-21,9
2026-01-21,10
2026-01-21,12
2026-01-21,16
2026-01-21,21
2026-01-21,6
2026-01-21,29
2026-01-21,4
2026-01-21,39
2026-01-21,30
2026-01-21,71
2026-01-21,50
2026-01-21,NA
2026-01-21,30
2026-01-21,NA
2026-01-21,NA
2026-01-21,86
2026-01-21,NA
2026-01-21,86
2026-01-21,NA
2026-01-21,78
2026-01-21,NA
2026-01-21,283
2026-01-21,NA
2026-01-21,52
2026-01-21,46
2026-01-21,37
2026-01-21,3
2026-01-21,71
2026-01-21,65
2026-01-21,NA
2026-01-21,35
2026-01-21,1
2026-01-21,45
2026-01-21,2
2026-01-21,12
2026-01-21,NA
2026-01-21,40
2026-01-21,25
2026-01-21,31
2026-01-21,31
2026-01-21,40
2026-01-21,27
2026-01-21,32
2026-01-21,20
2026-01-21,10
2026-01-21,2
2026-01-21,30
2026-01-22,NA
2026-01-22,NA
2026-01-22,6
2026-01-22,4
2026-01-22,NA
2026-01-22,NA
2026-01-22,NA
2026-01-22,10
2026-01-22,15
2026-01-22,NA
2026-01-22,NA
2026-01-22,41
2026-01-22,10
2026-01-22,30
2026-01-22,21
2026-01-22,10
2026-01-22,NA
2026-01-22,NA
2026-01-22,29
2026-01-22,68
2026-01-22,NA
2026-01-22,NA
2026-01-22,NA
2026-01-22,10
2026-01-22,68
2026-01-22,48
2026-01-22,51
2026-01-22,101
2026-01-22,9
2026-01-22,NA
2026-01-22,NA
2026-01-22,5
2026-01-22,93
2026-01-22,62
2026-01-22,6
2026-01-22,54
2026-01-22,120
2026-01-22,21
2026-01-22,102
2026-01-22,31
2026-01-22,12
2026-01-22,NA
2026-01-22,NA
2026-01-22,NA
2026-01-22,NA
2026-01-22,NA
2026-01-22,NA
2026-01-22,3
2026-01-22,86
2026-01-22,28
2026-01-22,2
2026-01-22,62
2026-01-22,2
2026-01-22,10
2026-01-22,94
2026-01-22,1
2026-01-22,9
2026-01-22,29
2026-01-22,27
2026-01-22,77
2026-01-22,49
2026-01-22,61
2026-01-22,4
2026-01-22,30
2026-01-22,75
2026-01-22,30
2026-01-22,46
2026-01-22,48
2026-01-22,37
2026-01-22,1
2026-01-22,32
2026-01-22,5
2026-01-22,8
2026-01-22,36
2026-01-22,21
2026-01-22,42
2026-01-22,36
2026-01-22,69
2026-01-22,NA
2026-01-22,70
2026-01-22,109
2026-01-22,15
2026-01-22,4
2026-01-22,25
2026-01-22,24
2026-01-22,35
2026-01-22,5
2026-01-22,NA
2026-01-22,57
2026-01-22,40
2026-01-22,17
2026-01-22,26
2026-01-22,38
2026-01-22,85
2026-01-22,37
2026-01-22,135
2026-01-22,100
2026-01-22,2
2026-01-22,1
2026-01-22,NA
2026-01-22,20
2026-01-22,82
2026-01-22,48
2026-01-22,101
2026-01-22,15
2026-01-22,45
2026-01-22,30
2026-01-22,33
2026-01-22,30
2026-01-22,6
2026-01-22,10
2026-01-22,50
2026-01-22,10
2026-01-22,10
2026-01-22,10
2026-01-22,12
2026-01-22,16
2026-01-22,21
2026-01-22,6
2026-01-22,29
2026-01-22,3
2026-01-22,39
2026-01-22,30
2026-01-22,71
2026-01-22,49
2026-01-22,NA
2026-01-22,30
2026-01-22,NA
2026-01-22,NA
2026-01-22,86
2026-01-22,NA
2026-01-22,86
2026-01-22,NA
2026-01-22,78
2026-01-22,NA
2026-01-22,283
2026-01-22,NA
2026-01-22,51
2026-01-22,46
2026-01-22,37
2026-01-22,3
2026-01-22,71
2026-01-22,65
2026-01-22,NA
2026-01-22,35
2026-01-22,1
2026-01-22,45
2026-01-22,2
2026-01-22,12
2026-01-22,NA
2026-01-22,40
2026-01-22,25
2026-01-22,31
2026-01-22,30
2026-01-22,39
2026-01-22,25
2026-01-22,33
2026-01-22,20
2026-01-22,10
2026-01-22,2
2026-01-22,30
2026-01-23,NA
2026-01-23,NA
2026-01-23,6
2026-01-23,4
2026-01-23,NA
2026-01-23,NA
2026-01-23,NA
2026-01-23,10
2026-01-23,15
2026-01-23,NA
2026-01-23,NA
2026-01-23,41
2026-01-23,10
2026-01-23,29
2026-01-23,20
2026-01-23,10
2026-01-23,NA
2026-01-23,NA
2026-01-23,30
2026-01-23,68
2026-01-23,NA
2026-01-23,NA
2026-01-23,NA
2026-01-23,8
2026-01-23,68
2026-01-23,48
2026-01-23,51
2026-01-23,101
2026-01-23,9
2026-01-23,NA
2026-01-23,NA
2026-01-23,5
2026-01-23,93
2026-01-23,62
2026-01-23,5
2026-01-23,60
2026-01-23,120
2026-01-23,21
2026-01-23,102
2026-01-23,31
2026-01-23,11
2026-01-23,NA
2026-01-23,NA
2026-01-23,NA
2026-01-23,NA
2026-01-23,NA
2026-01-23,NA
2026-01-23,4
2026-01-23,86
2026-01-23,28
2026-01-23,1
2026-01-23,62
2026-01-23,2
2026-01-23,10
2026-01-23,94
2026-01-23,5
2026-01-23,9
2026-01-23,29
2026-01-23,28
2026-01-23,76
2026-01-23,50
2026-01-23,61
2026-01-23,4
2026-01-23,26
2026-01-23,74
2026-01-23,26
2026-01-23,46
2026-01-23,48
2026-01-23,37
2026-01-23,1
2026-01-23,30
2026-01-23,5
2026-01-23,8
2026-01-23,36
2026-01-23,22
2026-01-23,42
2026-01-23,36
2026-01-23,69
2026-01-23,NA
2026-01-23,70
2026-01-23,111
2026-01-23,15
2026-01-23,4
2026-01-23,25
2026-01-23,24
2026-01-23,35
2026-01-23,5
2026-01-23,NA
2026-01-23,57
2026-01-23,39
2026-01-23,17
2026-01-23,26
2026-01-23,38
2026-01-23,30
2026-01-23,9
2026-01-23,85
2026-01-23,36
2026-01-23,135
2026-01-23,99
2026-01-23,2
2026-01-23,2
2026-01-23,NA
2026-01-23,20
2026-01-23,81
2026-01-23,47
2026-01-23,120
2026-01-23,15
2026-01-23,45
2026-01-23,30
2026-01-23,33
2026-01-23,30
2026-01-23,6
2026-01-23,10
2026-01-23,51
2026-01-23,10
2026-01-23,11
2026-01-23,10
2026-01-23,12
2026-01-23,16
2026-01-23,20
2026-01-23,6
2026-01-23,29
2026-01-23,4
2026-01-23,39
2026-01-23,30
2026-01-23,72
2026-01-23,49
2026-01-23,NA
2026-01-23,30
2026-01-23,NA
2026-01-23,NA
2026-01-23,86
2026-01-23,NA
2026-01-23,85
2026-01-23,NA
2026-01-23,78
2026-01-23,NA
2026-01-23,281
2026-01-23,NA
2026-01-23,52
2026-01-23,46
2026-01-23,37
2026-01-23,4
2026-01-23,71
2026-01-23,64
2026-01-23,NA
2026-01-23,35
2026-01-23,1
2026-01-23,45
2026-01-23,2
2026-01-23,12
2026-01-23,NA
2026-01-23,40
2026-01-23,25
2026-01-23,31
2026-01-23,29
2026-01-23,40
2026-01-23,25
2026-01-23,33
2026-01-23,20
2026-01-23,10
2026-01-23,2
2026-01-23,30
2026-01-24,NA
2026-01-24,NA
2026-01-24,6
2026-01-24,4
2026-01-24,NA
2026-01-24,NA
2026-01-24,NA
2026-01-24,10
2026-01-24,15
2026-01-24,NA
2026-01-24,NA
2026-01-24,41
2026-01-24,10
2026-01-24,30
2026-01-24,21
2026-01-24,10
2026-01-24,NA
2026-01-24,NA
2026-01-24,30
2026-01-24,66
2026-01-24,NA
2026-01-24,NA
2026-01-24,NA
2026-01-24,9
2026-01-24,68
2026-01-24,48
2026-01-24,51
2026-01-24,101
2026-01-24,8
2026-01-24,NA
2026-01-24,NA
2026-01-24,5
2026-01-24,93
2026-01-24,62
2026-01-24,5
2026-01-24,63
2026-01-24,120
2026-01-24,21
2026-01-24,103
2026-01-24,31
2026-01-24,11
2026-01-24,NA
2026-01-24,NA
2026-01-24,NA
2026-01-24,NA
2026-01-24,NA
2026-01-24,NA
2026-01-24,4
2026-01-24,87
2026-01-24,28
2026-01-24,1
2026-01-24,62
2026-01-24,2
2026-01-24,10
2026-01-24,94
2026-01-24,2
2026-01-24,9
2026-01-24,29
2026-01-24,28
2026-01-24,77
2026-01-24,50
2026-01-24,61
2026-01-24,4
2026-01-24,30
2026-01-24,75
2026-01-24,30
2026-01-24,46
2026-01-24,48
2026-01-24,39
2026-01-24,1
2026-01-24,31
2026-01-24,5
2026-01-24,8
2026-01-24,37
2026-01-24,22
2026-01-24,42
2026-01-24,36
2026-01-24,69
2026-01-24,NA
2026-01-24,69
2026-01-24,111
2026-01-24,15
2026-01-24,4
2026-01-24,25
2026-01-24,25
2026-01-24,35
2026-01-24,5
2026-01-24,NA
2026-01-24,56
2026-01-24,39
2026-01-24,18
2026-01-24,26
2026-01-24,38
2026-01-24,39
2026-01-24,11
2026-01-24,85
2026-01-24,36
2026-01-24,135
2026-01-24,99
2026-01-24,3
2026-01-24,3
2026-01-24,NA
2026-01-24,20
2026-01-24,80
2026-01-24,47
2026-01-24,125
2026-01-24,15
2026-01-24,45
2026-01-24,30
2026-01-24,33
2026-01-24,30
2026-01-24,6
2026-01-24,10
2026-01-24,51
2026-01-24,11
2026-01-24,11
2026-01-24,10
2026-01-24,12
2026-01-24,16
2026-01-24,20
2026-01-24,6
2026-01-24,29
2026-01-24,4
2026-01-24,39
2026-01-24,30
2026-01-24,71
2026-01-24,50
2026-01-24,NA
2026-01-24,30
2026-01-24,NA
2026-01-24,NA
2026-01-24,86
2026-01-24,NA
2026-01-24,84
2026-01-24,NA
2026-01-24,78
2026-01-24,NA
2026-01-24,282
2026-01-24,NA
2026-01-24,52
2026-01-24,46
2026-01-24,37
2026-01-24,4
2026-01-24,71
2026-01-24,65
2026-01-24,NA
2026-01-24,35
2026-01-24,1
2026-01-24,45
2026-01-24,2
2026-01-24,12
2026-01-24,NA
2026-01-24,40
2026-01-24,25
2026-01-24,31
2026-01-24,29
2026-01-24,38
2026-01-24,25
2026-01-24,33
2026-01-24,20
2026-01-24,10
2026-01-24,2
2026-01-24,30
2026-01-25,NA
2026-01-25,NA
2026-01-25,6
2026-01-25,4
2026-01-25,NA
2026-01-25,NA
2026-01-25,NA
2026-01-25,10
2026-01-25,15
2026-01-25,NA
2026-01-25,NA
2026-01-25,41
2026-01-25,10
2026-01-25,30
2026-01-25,22
2026-01-25,10
2026-01-25,NA
2026-01-25,NA
2026-01-25,29
2026-01-25,68
2026-01-25,NA
2026-01-25,NA
2026-01-25,NA
2026-01-25,10
2026-01-25,68
2026-01-25,48
2026-01-25,51
2026-01-25,101
2026-01-25,10
2026-01-25,NA
2026-01-25,NA
2026-01-25,5
2026-01-25,93
2026-01-25,62
2026-01-25,6
2026-01-25,77
2026-01-25,120
2026-01-25,21
2026-01-25,101
2026-01-25,31
2026-01-25,12
2026-01-25,NA
2026-01-25,NA
2026-01-25,NA
2026-01-25,NA
2026-01-25,NA
2026-01-25,NA
2026-01-25,3
2026-01-25,86
2026-01-25,28
2026-01-25,1
2026-01-25,62
2026-01-25,2
2026-01-25,10
2026-01-25,94
2026-01-25,2
2026-01-25,9
2026-01-25,30
2026-01-25,28
2026-01-25,77
2026-01-25,50
2026-01-25,61
2026-01-25,4
2026-01-25,30
2026-01-25,75
2026-01-25,30
2026-01-25,46
2026-01-25,48
2026-01-25,38
2026-01-25,1
2026-01-25,30
2026-01-25,5
2026-01-25,8
2026-01-25,37
2026-01-25,22
2026-01-25,43
2026-01-25,36
2026-01-25,69
2026-01-25,NA
2026-01-25,70
2026-01-25,122
2026-01-25,15
2026-01-25,4
2026-01-25,25
2026-01-25,25
2026-01-25,35
2026-01-25,5
2026-01-25,NA
2026-01-25,56
2026-01-25,39
2026-01-25,18
2026-01-25,26
2026-01-25,38
2026-01-25,43
2026-01-25,10
2026-01-25,85
2026-01-25,36
2026-01-25,135
2026-01-25,99
2026-01-25,3
2026-01-25,3
2026-01-25,NA
2026-01-25,20
2026-01-25,80
2026-01-25,47
2026-01-25,125
2026-01-25,15
2026-01-25,45
2026-01-25,1
2026-01-25,30
2026-01-25,33
2026-01-25,30
2026-01-25,6
2026-01-25,10
2026-01-25,51
2026-01-25,11
2026-01-25,11
2026-01-25,10
2026-01-25,12
2026-01-25,16
2026-01-25,20
2026-01-25,6
2026-01-25,29
2026-01-25,4
2026-01-25,39
2026-01-25,30
2026-01-25,72
2026-01-25,50
2026-01-25,NA
2026-01-25,30
2026-01-25,NA
2026-01-25,NA
2026-01-25,86
2026-01-25,NA
2026-01-25,86
2026-01-25,NA
2026-01-25,78
2026-01-25,NA
2026-01-25,282
2026-01-25,NA
2026-01-25,52
2026-01-25,46
2026-01-25,37
2026-01-25,4
2026-01-25,71
2026-01-25,65
2026-01-25,NA
2026-01-25,35
2026-01-25,1
2026-01-25,45
2026-01-25,2
2026-01-25,12
2026-01-25,NA
2026-01-25,40
2026-01-25,25
2026-01-25,31
2026-01-25,29
2026-01-25,41
2026-01-25,25
2026-01-25,33
2026-01-25,20
2026-01-25,10
2026-01-25,3
2026-01-25,30
2026-01-26,NA
2026-01-26,NA
2026-01-26,6
2026-01-26,4
2026-01-26,NA
2026-01-26,NA
2026-01-26,NA
2026-01-26,10
2026-01-26,15
2026-01-26,NA
2026-01-26,NA
2026-01-26,41
2026-01-26,10
2026-01-26,30
2026-01-26,22
2026-01-26,10
2026-01-26,NA
2026-01-26,NA
2026-01-26,29
2026-01-26,68
2026-01-26,NA
2026-01-26,NA
2026-01-26,NA
2026-01-26,10
2026-01-26,68
2026-01-26,48
2026-01-26,51
2026-01-26,101
2026-01-26,9
2026-01-26,NA
2026-01-26,NA
2026-01-26,4
2026-01-26,93
2026-01-26,62
2026-01-26,6
2026-01-26,79
2026-01-26,120
2026-01-26,21
2026-01-26,103
2026-01-26,30
2026-01-26,11
2026-01-26,NA
2026-01-26,NA
2026-01-26,NA
2026-01-26,NA
2026-01-26,NA
2026-01-26,NA
2026-01-26,3
2026-01-26,87
2026-01-26,28
2026-01-26,2
2026-01-26,62
2026-01-26,2
2026-01-26,10
2026-01-26,94
2026-01-26,9
2026-01-26,29
2026-01-26,28
2026-01-26,77
2026-01-26,50
2026-01-26,61
2026-01-26,4
2026-01-26,29
2026-01-26,75
2026-01-26,30
2026-01-26,46
2026-01-26,49
2026-01-26,40
2026-01-26,32
2026-01-26,5
2026-01-26,8
2026-01-26,37
2026-01-26,23
2026-01-26,43
2026-01-26,36
2026-01-26,69
2026-01-26,NA
2026-01-26,70
2026-01-26,124
2026-01-26,15
2026-01-26,4
2026-01-26,25
2026-01-26,25
2026-01-26,35
2026-01-26,5
2026-01-26,NA
2026-01-26,56
2026-01-26,39
2026-01-26,18
2026-01-26,26
2026-01-26,38
2026-01-26,46
2026-01-26,10
2026-01-26,85
2026-01-26,37
2026-01-26,135
2026-01-26,99
2026-01-26,2
2026-01-26,3
2026-01-26,NA
2026-01-26,20
2026-01-26,82
2026-01-26,47
2026-01-26,124
2026-01-26,15
2026-01-26,45
2026-01-26,1
2026-01-26,30
2026-01-26,33
2026-01-26,30
2026-01-26,6
2026-01-26,10
2026-01-26,50
2026-01-26,11
2026-01-26,11
2026-01-26,10
2026-01-26,12
2026-01-26,16
2026-01-26,20
2026-01-26,6
2026-01-26,29
2026-01-26,4
2026-01-26,39
2026-01-26,30
2026-01-26,71
2026-01-26,50
2026-01-26,NA
2026-01-26,30
2026-01-26,NA
2026-01-26,NA
2026-01-26,86
2026-01-26,NA
2026-01-26,86
2026-01-26,NA
2026-01-26,78
2026-01-26,NA
2026-01-26,283
2026-01-26,NA
2026-01-26,52
2026-01-26,46
2026-01-26,37
2026-01-26,4
2026-01-26,71
2026-01-26,65
2026-01-26,NA
2026-01-26,35
2026-01-26,1
2026-01-26,45
2026-01-26,2
2026-01-26,12
2026-01-26,NA
2026-01-26,40
2026-01-26,25
2026-01-26,31
2026-01-26,31
2026-01-26,42
2026-01-26,26
2026-01-26,33
2026-01-26,20
2026-01-26,10
2026-01-26,3
2026-01-26,30
2026-01-27,NA
2026-01-27,NA
2026-01-27,6
2026-01-27,4
2026-01-27,NA
2026-01-27,NA
2026-01-27,NA
2026-01-27,10
2026-01-27,15
2026-01-27,NA
2026-01-27,NA
2026-01-27,41
2026-01-27,10
2026-01-27,30
2026-01-27,22
2026-01-27,10
2026-01-27,NA
2026-01-27,NA
2026-01-27,28
2026-01-27,68
2026-01-27,NA
2026-01-27,NA
2026-01-27,NA
2026-01-27,10
2026-01-27,68
2026-01-27,48
2026-01-27,51
2026-01-27,101
2026-01-27,10
2026-01-27,NA
2026-01-27,NA
2026-01-27,5
2026-01-27,93
2026-01-27,62
2026-01-27,6
2026-01-27,81
2026-01-27,120
2026-01-27,21
2026-01-27,102
2026-01-27,30
2026-01-27,12
2026-01-27,NA
2026-01-27,NA
2026-01-27,NA
2026-01-27,NA
2026-01-27,NA
2026-01-27,NA
2026-01-27,5
2026-01-27,87
2026-01-27,28
2026-01-27,2
2026-01-27,62
2026-01-27,1
2026-01-27,10
2026-01-27,94
2026-01-27,1
2026-01-27,9
2026-01-27,30
2026-01-27,28
2026-01-27,78
2026-01-27,50
2026-01-27,61
2026-01-27,4
2026-01-27,30
2026-01-27,74
2026-01-27,30
2026-01-27,46
2026-01-27,49
2026-01-27,38
2026-01-27,33
2026-01-27,5
2026-01-27,8
2026-01-27,37
2026-01-27,23
2026-01-27,40
2026-01-27,36
2026-01-27,69
2026-01-27,NA
2026-01-27,69
2026-01-27,124
2026-01-27,15
2026-01-27,4
2026-01-27,25
2026-01-27,25
2026-01-27,35
2026-01-27,5
2026-01-27,NA
2026-01-27,55
2026-01-27,39
2026-01-27,18
2026-01-27,26
2026-01-27,38
2026-01-27,47
2026-01-27,11
2026-01-27,83
2026-01-27,36
2026-01-27,135
2026-01-27,98
2026-01-27,2
2026-01-27,3
2026-01-27,NA
2026-01-27,20
2026-01-27,86
2026-01-27,48
2026-01-27,124
2026-01-27,15
2026-01-27,45
2026-01-27,1
2026-01-27,30
2026-01-27,33
2026-01-27,30
2026-01-27,6
2026-01-27,10
2026-01-27,49
2026-01-27,10
2026-01-27,11
2026-01-27,10
2026-01-27,12
2026-01-27,16
2026-01-27,21
2026-01-27,6
2026-01-27,29
2026-01-27,4
2026-01-27,39
2026-01-27,30
2026-01-27,72
2026-01-27,50
2026-01-27,NA
2026-01-27,30
2026-01-27,NA
2026-01-27,NA
2026-01-27,86
2026-01-27,NA
2026-01-27,86
2026-01-27,NA
2026-01-27,78
2026-01-27,NA
2026-01-27,283
2026-01-27,NA
2026-01-27,52
2026-01-27,46
2026-01-27,37
2026-01-27,5
2026-01-27,71
2026-01-27,65
2026-01-27,NA
2026-01-27,35
2026-01-27,1
2026-01-27,45
2026-01-27,2
2026-01-27,12
2026-01-27,NA
2026-01-27,40
2026-01-27,25
2026-01-27,31
2026-01-27,31
2026-01-27,41
2026-01-27,27
2026-01-27,33
2026-01-27,20
2026-01-27,10
2026-01-27,3
2026-01-27,30
2026-01-28,NA
2026-01-28,NA
2026-01-28,6
2026-01-28,4
2026-01-28,NA
2026-01-28,NA
2026-01-28,NA
2026-01-28,10
2026-01-28,15
2026-01-28,NA
2026-01-28,NA
2026-01-28,41
2026-01-28,10
2026-01-28,30
2026-01-28,22
2026-01-28,10
2026-01-28,NA
2026-01-28,NA
2026-01-28,30
2026-01-28,68
2026-01-28,NA
2026-01-28,NA
2026-01-28,NA
2026-01-28,9
2026-01-28,68
2026-01-28,48
2026-01-28,51
2026-01-28,101
2026-01-28,10
2026-01-28,NA
2026-01-28,NA
2026-01-28,7
2026-01-28,93
2026-01-28,62
2026-01-28,6
2026-01-28,79
2026-01-28,120
2026-01-28,21
2026-01-28,102
2026-01-28,31
2026-01-28,12
2026-01-28,NA
2026-01-28,NA
2026-01-28,NA
2026-01-28,NA
2026-01-28,NA
2026-01-28,NA
2026-01-28,3
2026-01-28,85
2026-01-28,28
2026-01-28,2
2026-01-28,62
2026-01-28,1
2026-01-28,10
2026-01-28,93
2026-01-28,2
2026-01-28,9
2026-01-28,30
2026-01-28,28
2026-01-28,78
2026-01-28,50
2026-01-28,61
2026-01-28,2
2026-01-28,30
2026-01-28,74
2026-01-28,30
2026-01-28,46
2026-01-28,49
2026-01-28,39
2026-01-28,33
2026-01-28,5
2026-01-28,8
2026-01-28,37
2026-01-28,23
2026-01-28,42
2026-01-28,36
2026-01-28,69
2026-01-28,NA
2026-01-28,70
2026-01-28,123
2026-01-28,13
2026-01-28,4
2026-01-28,25
2026-01-28,24
2026-01-28,35
2026-01-28,5
2026-01-28,NA
2026-01-28,58
2026-01-28,39
2026-01-28,18
2026-01-28,26
2026-01-28,36
2026-01-28,47
2026-01-28,13
2026-01-28,84
2026-01-28,37
2026-01-28,135
2026-01-28,97
2026-01-28,2
2026-01-28,3
2026-01-28,NA
2026-01-28,20
2026-01-28,84
2026-01-28,47
2026-01-28,125
2026-01-28,15
2026-01-28,45
2026-01-28,1
2026-01-28,30
2026-01-28,34
2026-01-28,28
2026-01-28,6
2026-01-28,10
2026-01-28,49
2026-01-28,12
2026-01-28,11
2026-01-28,10
2026-01-28,12
2026-01-28,16
2026-01-28,21
2026-01-28,6
2026-01-28,29
2026-01-28,4
2026-01-28,39
2026-01-28,30
2026-01-28,72
2026-01-28,50
2026-01-28,NA
2026-01-28,30
2026-01-28,NA
2026-01-28,NA
2026-01-28,88
2026-01-28,NA
2026-01-28,86
2026-01-28,NA
2026-01-28,78
2026-01-28,NA
2026-01-28,283
2026-01-28,NA
2026-01-28,52
2026-01-28,46
2026-01-28,37
2026-01-28,5
2026-01-28,71
2026-01-28,64
2026-01-28,NA
2026-01-28,35
2026-01-28,1
2026-01-28,45
2026-01-28,2
2026-01-28,12
2026-01-28,NA
2026-01-28,40
2026-01-28,25
2026-01-28,31
2026-01-28,31
2026-01-28,42
2026-01-28,27
2026-01-28,33
2026-01-28,20
2026-01-28,9
2026-01-28,3
2026-01-28,30
2026-01-29,NA
2026-01-29,NA
2026-01-29,8
2026-01-29,6
2026-01-29,NA
2026-01-29,NA
2026-01-29,NA
2026-01-29,9
2026-01-29,15
2026-01-29,NA
2026-01-29,NA
2026-01-29,41
2026-01-29,10
2026-01-29,30
2026-01-29,22
2026-01-29,10
2026-01-29,NA
2026-01-29,NA
2026-01-29,30
2026-01-29,68
2026-01-29,NA
2026-01-29,NA
2026-01-29,NA
2026-01-29,17
2026-01-29,10
2026-01-29,68
2026-01-29,48
2026-01-29,51
2026-01-29,101
2026-01-29,10
2026-01-29,NA
2026-01-29,NA
2026-01-29,9
2026-01-29,93
2026-01-29,62
2026-01-29,6
2026-01-29,77
2026-01-29,120
2026-01-29,21
2026-01-29,102
2026-01-29,33
2026-01-29,11
2026-01-29,NA
2026-01-29,NA
2026-01-29,NA
2026-01-29,NA
2026-01-29,NA
2026-01-29,NA
2026-01-29,2
2026-01-29,87
2026-01-29,28
2026-01-29,2
2026-01-29,62
2026-01-29,1
2026-01-29,10
2026-01-29,94
2026-01-29,5
2026-01-29,9
2026-01-29,30
2026-01-29,28
2026-01-29,75
2026-01-29,50
2026-01-29,61
2026-01-29,2
2026-01-29,31
2026-01-29,75
2026-01-29,27
2026-01-29,46
2026-01-29,49
2026-01-29,40
2026-01-29,32
2026-01-29,5
2026-01-29,8
2026-01-29,37
2026-01-29,23
2026-01-29,42
2026-01-29,35
2026-01-29,69
2026-01-29,NA
2026-01-29,69
2026-01-29,120
2026-01-29,13
2026-01-29,4
2026-01-29,25
2026-01-29,25
2026-01-29,35
2026-01-29,5
2026-01-29,5
2026-01-29,NA
2026-01-29,55
2026-01-29,39
2026-01-29,18
2026-01-29,26
2026-01-29,36
2026-01-29,47
2026-01-29,12
2026-01-29,83
2026-01-29,37
2026-01-29,135
2026-01-29,97
2026-01-29,2
2026-01-29,2
2026-01-29,NA
2026-01-29,20
2026-01-29,86
2026-01-29,47
2026-01-29,125
2026-01-29,15
2026-01-29,45
2026-01-29,1
2026-01-29,30
2026-01-29,35
2026-01-29,30
2026-01-29,4
2026-01-29,10
2026-01-29,48
2026-01-29,12
2026-01-29,11
2026-01-29,10
2026-01-29,13
2026-01-29,15
2026-01-29,21
2026-01-29,6
2026-01-29,29
2026-01-29,4
2026-01-29,39
2026-01-29,30
2026-01-29,72
2026-01-29,50
2026-01-29,NA
2026-01-29,30
2026-01-29,NA
2026-01-29,NA
2026-01-29,90
2026-01-29,NA
2026-01-29,83
2026-01-29,NA
2026-01-29,78
2026-01-29,NA
2026-01-29,283
2026-01-29,NA
2026-01-29,52
2026-01-29,46
2026-01-29,37
2026-01-29,4
2026-01-29,71
2026-01-29,64
2026-01-29,NA
2026-01-29,35
2026-01-29,1
2026-01-29,45
2026-01-29,2
2026-01-29,12
2026-01-29,NA
2026-01-29,40
2026-01-29,25
2026-01-29,31
2026-01-29,31
2026-01-29,43
2026-01-29,27
2026-01-29,31
2026-01-29,19
2026-01-29,6
2026-01-29,2
2026-01-29,34
2026-01-30,NA
2026-01-30,NA
2026-01-30,8
2026-01-30,8
2026-01-30,NA
2026-01-30,NA
2026-01-30,NA
2026-01-30,9
2026-01-30,15
2026-01-30,NA
2026-01-30,NA
2026-01-30,41
2026-01-30,9
2026-01-30,30
2026-01-30,22
2026-01-30,10
2026-01-30,NA
2026-01-30,NA
2026-01-30,30
2026-01-30,68
2026-01-30,NA
2026-01-30,NA
2026-01-30,NA
2026-01-30,1
2026-01-30,24
2026-01-30,10
2026-01-30,68
2026-01-30,48
2026-01-30,50
2026-01-30,101
2026-01-30,8
2026-01-30,NA
2026-01-30,NA
2026-01-30,9
2026-01-30,93
2026-01-30,62
2026-01-30,6
2026-01-30,76
2026-01-30,120
2026-01-30,22
2026-01-30,101
2026-01-30,33
2026-01-30,11
2026-01-30,NA
2026-01-30,NA
2026-01-30,NA
2026-01-30,NA
2026-01-30,NA
2026-01-30,NA
2026-01-30,1
2026-01-30,86
2026-01-30,28
2026-01-30,2
2026-01-30,62
2026-01-30,1
2026-01-30,9
2026-01-30,94
2026-01-30,9
2026-01-30,9
2026-01-30,28
2026-01-30,28
2026-01-30,78
2026-01-30,50
2026-01-30,61
2026-01-30,4
2026-01-30,39
2026-01-30,75
2026-01-30,30
2026-01-30,46
2026-01-30,48
2026-01-30,38
2026-01-30,33
2026-01-30,5
2026-01-30,8
2026-01-30,36
2026-01-30,23
2026-01-30,42
2026-01-30,36
2026-01-30,70
2026-01-30,NA
2026-01-30,66
2026-01-30,121
2026-01-30,11
2026-01-30,4
2026-01-30,25
2026-01-30,25
2026-01-30,35
2026-01-30,5
2026-01-30,16
2026-01-30,NA
2026-01-30,58
2026-01-30,39
2026-01-30,18
2026-01-30,26
2026-01-30,36
2026-01-30,45
2026-01-30,10
2026-01-30,86
2026-01-30,37
2026-01-30,135
2026-01-30,95
2026-01-30,3
2026-01-30,2
2026-01-30,NA
2026-01-30,20
2026-01-30,84
2026-01-30,46
2026-01-30,125
2026-01-30,15
2026-01-30,45
2026-01-30,1
2026-01-30,30
2026-01-30,40
2026-01-30,30
2026-01-30,5
2026-01-30,10
2026-01-30,49
2026-01-30,13
2026-01-30,11
2026-01-30,10
2026-01-30,12
2026-01-30,15
2026-01-30,21
2026-01-30,6
2026-01-30,29
2026-01-30,3
2026-01-30,36
2026-01-30,30
2026-01-30,71
2026-01-30,50
2026-01-30,NA
2026-01-30,30
2026-01-30,NA
2026-01-30,NA
2026-01-30,91
2026-01-30,NA
2026-01-30,83
2026-01-30,NA
2026-01-30,78
2026-01-30,NA
2026-01-30,283
2026-01-30,NA
2026-01-30,52
2026-01-30,46
2026-01-30,37
2026-01-30,4
2026-01-30,71
2026-01-30,64
2026-01-30,NA
2026-01-30,35
2026-01-30,1
2026-01-30,45
2026-01-30,2
2026-01-30,12
2026-01-30,NA
2026-01-30,40
2026-01-30,25
2026-01-30,31
2026-01-30,31
2026-01-30,43
2026-01-30,23
2026-01-30,33
2026-01-30,19
2026-01-30,8
2026-01-30,34
2026-01-31,NA
2026-01-31,NA
2026-01-31,8
2026-01-31,8
2026-01-31,NA
2026-01-31,NA
2026-01-31,NA
2026-01-31,9
2026-01-31,15
2026-01-31,NA
2026-01-31,NA
2026-01-31,41
2026-01-31,10
2026-01-31,30
2026-01-31,22
2026-01-31,10
2026-01-31,NA
2026-01-31,NA
2026-01-31,29
2026-01-31,68
2026-01-31,NA
2026-01-31,NA
2026-01-31,NA
2026-01-31,33
2026-01-31,10
2026-01-31,68
2026-01-31,48
2026-01-31,50
2026-01-31,101
2026-01-31,9
2026-01-31,NA
2026-01-31,NA
2026-01-31,9
2026-01-31,93
2026-01-31,62
2026-01-31,6
2026-01-31,77
2026-01-31,120
2026-01-31,22
2026-01-31,101
2026-01-31,33
2026-01-31,12
2026-01-31,NA
2026-01-31,NA
2026-01-31,NA
2026-01-31,NA
2026-01-31,NA
2026-01-31,NA
2026-01-31,5
2026-01-31,85
2026-01-31,28
2026-01-31,2
2026-01-31,62
2026-01-31,1
2026-01-31,9
2026-01-31,94
2026-01-31,8
2026-01-31,9
2026-01-31,30
2026-01-31,28
2026-01-31,78
2026-01-31,50
2026-01-31,61
2026-01-31,3
2026-01-31,42
2026-01-31,74
2026-01-31,30
2026-01-31,46
2026-01-31,48
2026-01-31,37
2026-01-31,31
2026-01-31,5
2026-01-31,8
2026-01-31,36
2026-01-31,23
2026-01-31,43
2026-01-31,36
2026-01-31,70
2026-01-31,NA
2026-01-31,68
2026-01-31,124
2026-01-31,11
2026-01-31,4
2026-01-31,25
2026-01-31,25
2026-01-31,35
2026-01-31,5
2026-01-31,20
2026-01-31,NA
2026-01-31,59
2026-01-31,39
2026-01-31,18
2026-01-31,26
2026-01-31,36
2026-01-31,46
2026-01-31,10
2026-01-31,87
2026-01-31,37
2026-01-31,134
2026-01-31,95
2026-01-31,3
2026-01-31,2
2026-01-31,NA
2026-01-31,20
2026-01-31,85
2026-01-31,47
2026-01-31,125
2026-01-31,15
2026-01-31,45
2026-01-31,30
2026-01-31,41
2026-01-31,30
2026-01-31,5
2026-01-31,10
2026-01-31,49
2026-01-31,13
2026-01-31,11
2026-01-31,10
2026-01-31,12
2026-01-31,15
2026-01-31,21
2026-01-31,5
2026-01-31,29
2026-01-31,3
2026-01-31,37
2026-01-31,30
2026-01-31,72
2026-01-31,50
2026-01-31,NA
2026-01-31,30
2026-01-31,NA
2026-01-31,NA
2026-01-31,93
2026-01-31,NA
2026-01-31,85
2026-01-31,NA
2026-01-31,78
2026-01-31,NA
2026-01-31,283
2026-01-31,NA
2026-01-31,51
2026-01-31,46
2026-01-31,37
2026-01-31,4
2026-01-31,71
2026-01-31,65
2026-01-31,NA
2026-01-31,35
2026-01-31,1
2026-01-31,45
2026-01-31,2
2026-01-31,12
2026-01-31,NA
2026-01-31,40
2026-01-31,25
2026-01-31,31
2026-01-31,31
2026-01-31,43
2026-01-31,22
2026-01-31,33
2026-01-31,19
2026-01-31,8
2026-01-31,1
2026-01-31,34
2026-02-01,NA
2026-02-01,NA
2026-02-01,7
2026-02-01,8
2026-02-01,NA
2026-02-01,NA
2026-02-01,NA
2026-02-01,9
2026-02-01,15
2026-02-01,NA
2026-02-01,NA
2026-02-01,41
2026-02-01,10
2026-02-01,30
2026-02-01,22
2026-02-01,10
2026-02-01,NA
2026-02-01,NA
2026-02-01,29
2026-02-01,67
2026-02-01,NA
2026-02-01,NA
2026-02-01,NA
2026-02-01,31
2026-02-01,10
2026-02-01,67
2026-02-01,48
2026-02-01,50
2026-02-01,101
2026-02-01,9
2026-02-01,NA
2026-02-01,NA
2026-02-01,10
2026-02-01,93
2026-02-01,62
2026-02-01,6
2026-02-01,78
2026-02-01,118
2026-02-01,22
2026-02-01,102
2026-02-01,33
2026-02-01,12
2026-02-01,NA
2026-02-01,NA
2026-02-01,NA
2026-02-01,NA
2026-02-01,NA
2026-02-01,NA
2026-02-01,3
2026-02-01,85
2026-02-01,28
2026-02-01,2
2026-02-01,62
2026-02-01,1
2026-02-01,9
2026-02-01,94
2026-02-01,8
2026-02-01,9
2026-02-01,30
2026-02-01,28
2026-02-01,78
2026-02-01,50
2026-02-01,60
2026-02-01,4
2026-02-01,45
2026-02-01,75
2026-02-01,30
2026-02-01,46
2026-02-01,48
2026-02-01,34
2026-02-01,31
2026-02-01,5
2026-02-01,8
2026-02-01,36
2026-02-01,23
2026-02-01,43
2026-02-01,36
2026-02-01,70
2026-02-01,NA
2026-02-01,69
2026-02-01,125
2026-02-01,14
2026-02-01,4
2026-02-01,25
2026-02-01,25
2026-02-01,35
2026-02-01,5
2026-02-01,21
2026-02-01,NA
2026-02-01,59
2026-02-01,39
2026-02-01,18
2026-02-01,26
2026-02-01,36
2026-02-01,47
2026-02-01,11
2026-02-01,87
2026-02-01,37
2026-02-01,134
2026-02-01,94
2026-02-01,3
2026-02-01,3
2026-02-01,NA
2026-02-01,19
2026-02-01,86
2026-02-01,48
2026-02-01,125
2026-02-01,15
2026-02-01,45
2026-02-01,1
2026-02-01,30
2026-02-01,41
2026-02-01,30
2026-02-01,6
2026-02-01,10
2026-02-01,49
2026-02-01,11
2026-02-01,11
2026-02-01,10
2026-02-01,12
2026-02-01,15
2026-02-01,21
2026-02-01,3
2026-02-01,29
2026-02-01,3
2026-02-01,37
2026-02-01,30
2026-02-01,72
2026-02-01,50
2026-02-01,NA
2026-02-01,30
2026-02-01,NA
2026-02-01,NA
2026-02-01,92
2026-02-01,NA
2026-02-01,84
2026-02-01,NA
2026-02-01,78
2026-02-01,NA
2026-02-01,283
2026-02-01,NA
2026-02-01,52
2026-02-01,46
2026-02-01,37
2026-02-01,4
2026-02-01,71
2026-02-01,65
2026-02-01,NA
2026-02-01,35
2026-02-01,1
2026-02-01,45
2026-02-01,2
2026-02-01,11
2026-02-01,NA
2026-02-01,40
2026-02-01,25
2026-02-01,31
2026-02-01,31
2026-02-01,41
2026-02-01,22
2026-02-01,33
2026-02-01,19
2026-02-01,8
2026-02-01,1
2026-02-01,34
2026-02-02,NA
2026-02-02,NA
2026-02-02,6
2026-02-02,8
2026-02-02,NA
2026-02-02,NA
2026-02-02,NA
2026-02-02,9
2026-02-02,15
2026-02-02,NA
2026-02-02,NA
2026-02-02,41
2026-02-02,10
2026-02-02,30
2026-02-02,22
2026-02-02,10
2026-02-02,NA
2026-02-02,NA
2026-02-02,30
2026-02-02,67
2026-02-02,NA
2026-02-02,NA
2026-02-02,NA
2026-02-02,33
2026-02-02,9
2026-02-02,67
2026-02-02,48
2026-02-02,51
2026-02-02,101
2026-02-02,9
2026-02-02,NA
2026-02-02,NA
2026-02-02,10
2026-02-02,93
2026-02-02,62
2026-02-02,6
2026-02-02,81
2026-02-02,119
2026-02-02,22
2026-02-02,102
2026-02-02,34
2026-02-02,12
2026-02-02,NA
2026-02-02,NA
2026-02-02,NA
2026-02-02,NA
2026-02-02,NA
2026-02-02,NA
2026-02-02,3
2026-02-02,85
2026-02-02,28
2026-02-02,2
2026-02-02,62
2026-02-02,1
2026-02-02,10
2026-02-02,94
2026-02-02,7
2026-02-02,8
2026-02-02,30
2026-02-02,28
2026-02-02,73
2026-02-02,50
2026-02-02,60
2026-02-02,4
2026-02-02,42
2026-02-02,75
2026-02-02,29
2026-02-02,46
2026-02-02,48
2026-02-02,35
2026-02-02,33
2026-02-02,5
2026-02-02,8
2026-02-02,35
2026-02-02,23
2026-02-02,42
2026-02-02,36
2026-02-02,70
2026-02-02,NA
2026-02-02,69
2026-02-02,125
2026-02-02,14
2026-02-02,4
2026-02-02,25
2026-02-02,23
2026-02-02,35
2026-02-02,5
2026-02-02,19
2026-02-02,NA
2026-02-02,58
2026-02-02,39
2026-02-02,18
2026-02-02,26
2026-02-02,36
2026-02-02,47
2026-02-02,11
2026-02-02,87
2026-02-02,37
2026-02-02,134
2026-02-02,94
2026-02-02,3
2026-02-02,3
2026-02-02,NA
2026-02-02,19
2026-02-02,84
2026-02-02,48
2026-02-02,125
2026-02-02,15
2026-02-02,45
2026-02-02,1
2026-02-02,30
2026-02-02,41
2026-02-02,30
2026-02-02,6
2026-02-02,4
2026-02-02,10
2026-02-02,48
2026-02-02,10
2026-02-02,11
2026-02-02,10
2026-02-02,13
2026-02-02,16
2026-02-02,21
2026-02-02,4
2026-02-02,29
2026-02-02,2
2026-02-02,36
2026-02-02,30
2026-02-02,72
2026-02-02,50
2026-02-02,NA
2026-02-02,29
2026-02-02,NA
2026-02-02,NA
2026-02-02,92
2026-02-02,NA
2026-02-02,84
2026-02-02,NA
2026-02-02,78
2026-02-02,NA
2026-02-02,282
2026-02-02,NA
2026-02-02,52
2026-02-02,46
2026-02-02,37
2026-02-02,4
2026-02-02,71
2026-02-02,65
2026-02-02,NA
2026-02-02,35
2026-02-02,1
2026-02-02,45
2026-02-02,2
2026-02-02,12
2026-02-02,NA
2026-02-02,40
2026-02-02,25
2026-02-02,31
2026-02-02,31
2026-02-02,43
2026-02-02,24
2026-02-02,32
2026-02-02,20
2026-02-02,9
2026-02-02,35
2026-02-03,NA
2026-02-03,NA
2026-02-03,6
2026-02-03,8
2026-02-03,NA
2026-02-03,NA
2026-02-03,NA
2026-02-03,9
2026-02-03,15
2026-02-03,NA
2026-02-03,NA
2026-02-03,41
2026-02-03,10
2026-02-03,30
2026-02-03,22
2026-02-03,10
2026-02-03,NA
2026-02-03,NA
2026-02-03,30
2026-02-03,64
2026-02-03,NA
2026-02-03,NA
2026-02-03,NA
2026-02-03,33
2026-02-03,10
2026-02-03,67
2026-02-03,48
2026-02-03,51
2026-02-03,101
2026-02-03,9
2026-02-03,NA
2026-02-03,NA
2026-02-03,10
2026-02-03,93
2026-02-03,62
2026-02-03,6
2026-02-03,81
2026-02-03,120
2026-02-03,22
2026-02-03,102
2026-02-03,33
2026-02-03,12
2026-02-03,NA
2026-02-03,NA
2026-02-03,NA
2026-02-03,NA
2026-02-03,NA
2026-02-03,NA
2026-02-03,5
2026-02-03,86
2026-02-03,28
2026-02-03,2
2026-02-03,61
2026-02-03,1
2026-02-03,10
2026-02-03,94
2026-02-03,1
2026-02-03,8
2026-02-03,29
2026-02-03,28
2026-02-03,78
2026-02-03,50
2026-02-03,60
2026-02-03,3
2026-02-03,45
2026-02-03,75
2026-02-03,30
2026-02-03,46
2026-02-03,48
2026-02-03,39
2026-02-03,33
2026-02-03,5
2026-02-03,8
2026-02-03,36
2026-02-03,23
2026-02-03,39
2026-02-03,36
2026-02-03,70
2026-02-03,NA
2026-02-03,69
2026-02-03,123
2026-02-03,14
2026-02-03,3
2026-02-03,25
2026-02-03,22
2026-02-03,35
2026-02-03,5
2026-02-03,21
2026-02-03,NA
2026-02-03,58
2026-02-03,39
2026-02-03,18
2026-02-03,26
2026-02-03,36
2026-02-03,47
2026-02-03,11
2026-02-03,86
2026-02-03,37
2026-02-03,134
2026-02-03,91
2026-02-03,3
2026-02-03,3
2026-02-03,NA
2026-02-03,19
2026-02-03,84
2026-02-03,47
2026-02-03,124
2026-02-03,15
2026-02-03,44
2026-02-03,30
2026-02-03,41
2026-02-03,30
2026-02-03,6
2026-02-03,7
2026-02-03,10
2026-02-03,46
2026-02-03,10
2026-02-03,10
2026-02-03,10
2026-02-03,13
2026-02-03,16
2026-02-03,21
2026-02-03,4
2026-02-03,29
2026-02-03,2
2026-02-03,39
2026-02-03,30
2026-02-03,70
2026-02-03,50
2026-02-03,NA
2026-02-03,30
2026-02-03,NA
2026-02-03,NA
2026-02-03,93
2026-02-03,NA
2026-02-03,85
2026-02-03,NA
2026-02-03,78
2026-02-03,NA
2026-02-03,283
2026-02-03,NA
2026-02-03,51
2026-02-03,46
2026-02-03,37
2026-02-03,2
2026-02-03,71
2026-02-03,65
2026-02-03,NA
2026-02-03,35
2026-02-03,2
2026-02-03,45
2026-02-03,2
2026-02-03,12
2026-02-03,NA
2026-02-03,40
2026-02-03,25
2026-02-03,31
2026-02-03,31
2026-02-03,43
2026-02-03,24
2026-02-03,32
2026-02-03,20
2026-02-03,9
2026-02-03,32
2026-02-04,NA
2026-02-04,NA
2026-02-04,6
2026-02-04,8
2026-02-04,NA
2026-02-04,NA
2026-02-04,NA
2026-02-04,9
2026-02-04,15
2026-02-04,NA
2026-02-04,NA
2026-02-04,41
2026-02-04,10
2026-02-04,30
2026-02-04,22
2026-02-04,10
2026-02-04,NA
2026-02-04,NA
2026-02-04,30
2026-02-04,68
2026-02-04,NA
2026-02-04,NA
2026-02-04,NA
2026-02-04,32
2026-02-04,10
2026-02-04,67
2026-02-04,48
2026-02-04,51
2026-02-04,101
2026-02-04,5
2026-02-04,NA
2026-02-04,NA
2026-02-04,NA
2026-02-04,10
2026-02-04,93
2026-02-04,62
2026-02-04,6
2026-02-04,79
2026-02-04,120
2026-02-04,22
2026-02-04,102
2026-02-04,32
2026-02-04,11
2026-02-04,NA
2026-02-04,NA
2026-02-04,NA
2026-02-04,NA
2026-02-04,NA
2026-02-04,NA
2026-02-04,2
2026-02-04,86
2026-02-04,28
2026-02-04,2
2026-02-04,61
2026-02-04,1
2026-02-04,10
2026-02-04,94
2026-02-04,1
2026-02-04,8
2026-02-04,30
2026-02-04,28
2026-02-04,76
2026-02-04,50
2026-02-04,61
2026-02-04,4
2026-02-04,45
2026-02-04,74
2026-02-04,30
2026-02-04,46
2026-02-04,48
2026-02-04,38
2026-02-04,33
2026-02-04,5
2026-02-04,8
2026-02-04,36
2026-02-04,22
2026-02-04,38
2026-02-04,35
2026-02-04,70
2026-02-04,NA
2026-02-04,67
2026-02-04,124
2026-02-04,12
2026-02-04,3
2026-02-04,25
2026-02-04,23
2026-02-04,35
2026-02-04,5
2026-02-04,21
2026-02-04,NA
2026-02-04,59
2026-02-04,39
2026-02-04,18
2026-02-04,26
2026-02-04,35
2026-02-04,47
2026-02-04,12
2026-02-04,86
2026-02-04,37
2026-02-04,133
2026-02-04,90
2026-02-04,1
2026-02-04,3
2026-02-04,NA
2026-02-04,19
2026-02-04,84
2026-02-04,48
2026-02-04,125
2026-02-04,15
2026-02-04,44
2026-02-04,30
2026-02-04,41
2026-02-04,30
2026-02-04,6
2026-02-04,7
2026-02-04,7
2026-02-04,46
2026-02-04,10
2026-02-04,11
2026-02-04,10
2026-02-04,13
2026-02-04,16
2026-02-04,21
2026-02-04,5
2026-02-04,29
2026-02-04,2
2026-02-04,38
2026-02-04,30
2026-02-04,72
2026-02-04,50
2026-02-04,NA
2026-02-04,29
2026-02-04,NA
2026-02-04,NA
2026-02-04,93
2026-02-04,NA
2026-02-04,86
2026-02-04,NA
2026-02-04,78
2026-02-04,NA
2026-02-04,283
2026-02-04,NA
2026-02-04,51
2026-02-04,46
2026-02-04,37
2026-02-04,3
2026-02-04,71
2026-02-04,65
2026-02-04,NA
2026-02-04,35
2026-02-04,2
2026-02-04,45
2026-02-04,2
2026-02-04,12
2026-02-04,NA
2026-02-04,40
2026-02-04,25
2026-02-04,31
2026-02-04,31
2026-02-04,43
2026-02-04,25
2026-02-04,32
2026-02-04,20
2026-02-04,10
2026-02-04,1
2026-02-04,32
2026-02-05,NA
2026-02-05,NA
2026-02-05,6
2026-02-05,8
2026-02-05,NA
2026-02-05,NA
2026-02-05,NA
2026-02-05,9
2026-02-05,15
2026-02-05,NA
2026-02-05,NA
2026-02-05,41
2026-02-05,10
2026-02-05,30
2026-02-05,22
2026-02-05,10
2026-02-05,NA
2026-02-05,NA
2026-02-05,30
2026-02-05,68
2026-02-05,NA
2026-02-05,NA
2026-02-05,NA
2026-02-05,30
2026-02-05,10
2026-02-05,68
2026-02-05,48
2026-02-05,51
2026-02-05,100
2026-02-05,7
2026-02-05,NA
2026-02-05,NA
2026-02-05,NA
2026-02-05,9
2026-02-05,93
2026-02-05,62
2026-02-05,6
2026-02-05,74
2026-02-05,120
2026-02-05,20
2026-02-05,100
2026-02-05,30
2026-02-05,11
2026-02-05,NA
2026-02-05,NA
2026-02-05,NA
2026-02-05,NA
2026-02-05,NA
2026-02-05,NA
2026-02-05,4
2026-02-05,83
2026-02-05,28
2026-02-05,2
2026-02-05,61
2026-02-05,1
2026-02-05,10
2026-02-05,94
2026-02-05,2
2026-02-05,9
2026-02-05,29
2026-02-05,28
2026-02-05,78
2026-02-05,50
2026-02-05,62
2026-02-05,4
2026-02-05,44
2026-02-05,74
2026-02-05,29
2026-02-05,46
2026-02-05,48
2026-02-05,37
2026-02-05,32
2026-02-05,5
2026-02-05,8
2026-02-05,35
2026-02-05,22
2026-02-05,36
2026-02-05,36
2026-02-05,70
2026-02-05,NA
2026-02-05,67
2026-02-05,124
2026-02-05,12
2026-02-05,3
2026-02-05,25
2026-02-05,24
2026-02-05,35
2026-02-05,5
2026-02-05,21
2026-02-05,NA
2026-02-05,60
2026-02-05,39
2026-02-05,16
2026-02-05,26
2026-02-05,35
2026-02-05,47
2026-02-05,11
2026-02-05,88
2026-02-05,37
2026-02-05,131
2026-02-05,90
2026-02-05,3
2026-02-05,3
2026-02-05,NA
2026-02-05,20
2026-02-05,86
2026-02-05,49
2026-02-05,123
2026-02-05,15
2026-02-05,44
2026-02-05,30
2026-02-05,40
2026-02-05,30
2026-02-05,6
2026-02-05,7
2026-02-05,7
2026-02-05,47
2026-02-05,8
2026-02-05,11
2026-02-05,8
2026-02-05,13
2026-02-05,15
2026-02-05,21
2026-02-05,6
2026-02-05,29
2026-02-05,2
2026-02-05,39
2026-02-05,30
2026-02-05,72
2026-02-05,50
2026-02-05,NA
2026-02-05,29
2026-02-05,NA
2026-02-05,NA
2026-02-05,93
2026-02-05,NA
2026-02-05,86
2026-02-05,NA
2026-02-05,78
2026-02-05,NA
2026-02-05,283
2026-02-05,NA
2026-02-05,52
2026-02-05,46
2026-02-05,37
2026-02-05,3
2026-02-05,71
2026-02-05,65
2026-02-05,NA
2026-02-05,35
2026-02-05,2
2026-02-05,45
2026-02-05,2
2026-02-05,12
2026-02-05,NA
2026-02-05,40
2026-02-05,25
2026-02-05,31
2026-02-05,31
2026-02-05,43
2026-02-05,26
2026-02-05,33
2026-02-05,20
2026-02-05,10
2026-02-05,2
2026-02-05,32
2026-02-06,NA
2026-02-06,NA
2026-02-06,6
2026-02-06,8
2026-02-06,NA
2026-02-06,NA
2026-02-06,NA
2026-02-06,9
2026-02-06,15
2026-02-06,NA
2026-02-06,NA
2026-02-06,41
2026-02-06,10
2026-02-06,30
2026-02-06,22
2026-02-06,10
2026-02-06,NA
2026-02-06,NA
2026-02-06,30
2026-02-06,68
2026-02-06,NA
2026-02-06,NA
2026-02-06,NA
2026-02-06,33
2026-02-06,10
2026-02-06,67
2026-02-06,48
2026-02-06,51
2026-02-06,100
2026-02-06,8
2026-02-06,NA
2026-02-06,NA
2026-02-06,NA
2026-02-06,10
2026-02-06,93
2026-02-06,62
2026-02-06,6
2026-02-06,73
2026-02-06,120
2026-02-06,19
2026-02-06,101
2026-02-06,30
2026-02-06,12
2026-02-06,NA
2026-02-06,NA
2026-02-06,NA
2026-02-06,NA
2026-02-06,NA
2026-02-06,NA
2026-02-06,3
2026-02-06,85
2026-02-06,28
2026-02-06,2
2026-02-06,63
2026-02-06,1
2026-02-06,10
2026-02-06,93
2026-02-06,7
2026-02-06,9
2026-02-06,30
2026-02-06,28
2026-02-06,78
2026-02-06,50
2026-02-06,62
2026-02-06,5
2026-02-06,45
2026-02-06,71
2026-02-06,29
2026-02-06,46
2026-02-06,47
2026-02-06,38
2026-02-06,32
2026-02-06,5
2026-02-06,8
2026-02-06,36
2026-02-06,22
2026-02-06,34
2026-02-06,36
2026-02-06,70
2026-02-06,NA
2026-02-06,66
2026-02-06,123
2026-02-06,14
2026-02-06,3
2026-02-06,25
2026-02-06,23
2026-02-06,35
2026-02-06,5
2026-02-06,20
2026-02-06,NA
2026-02-06,61
2026-02-06,39
2026-02-06,16
2026-02-06,26
2026-02-06,34
2026-02-06,47
2026-02-06,12
2026-02-06,88
2026-02-06,38
2026-02-06,131
2026-02-06,89
2026-02-06,3
2026-02-06,3
2026-02-06,NA
2026-02-06,19
2026-02-06,86
2026-02-06,47
2026-02-06,124
2026-02-06,14
2026-02-06,42
2026-02-06,29
2026-02-06,40
2026-02-06,30
2026-02-06,6
2026-02-06,7
2026-02-06,7
2026-02-06,48
2026-02-06,9
2026-02-06,11
2026-02-06,8
2026-02-06,13
2026-02-06,14
2026-02-06,21
2026-02-06,6
2026-02-06,29
2026-02-06,2
2026-02-06,39
2026-02-06,30
2026-02-06,71
2026-02-06,50
2026-02-06,NA
2026-02-06,30
2026-02-06,NA
2026-02-06,NA
2026-02-06,92
2026-02-06,NA
2026-02-06,86
2026-02-06,NA
2026-02-06,78
2026-02-06,NA
2026-02-06,283
2026-02-06,NA
2026-02-06,52
2026-02-06,46
2026-02-06,37
2026-02-06,3
2026-02-06,71
2026-02-06,65
2026-02-06,NA
2026-02-06,35
2026-02-06,2
2026-02-06,45
2026-02-06,2
2026-02-06,12
2026-02-06,NA
2026-02-06,40
2026-02-06,24
2026-02-06,31
2026-02-06,31
2026-02-06,43
2026-02-06,28
2026-02-06,33
2026-02-06,20
2026-02-06,10
2026-02-06,2
2026-02-06,32
2026-02-07,NA
2026-02-07,NA
2026-02-07,6
2026-02-07,8
2026-02-07,NA
2026-02-07,NA
2026-02-07,NA
2026-02-07,9
2026-02-07,15
2026-02-07,NA
2026-02-07,NA
2026-02-07,41
2026-02-07,10
2026-02-07,30
2026-02-07,22
2026-02-07,10
2026-02-07,NA
2026-02-07,NA
2026-02-07,30
2026-02-07,68
2026-02-07,NA
2026-02-07,NA
2026-02-07,NA
2026-02-07,33
2026-02-07,10
2026-02-07,67
2026-02-07,48
2026-02-07,51
2026-02-07,100
2026-02-07,8
2026-02-07,NA
2026-02-07,NA
2026-02-07,NA
2026-02-07,10
2026-02-07,93
2026-02-07,62
2026-02-07,6
2026-02-07,73
2026-02-07,120
2026-02-07,19
2026-02-07,98
2026-02-07,31
2026-02-07,12
2026-02-07,NA
2026-02-07,NA
2026-02-07,NA
2026-02-07,NA
2026-02-07,NA
2026-02-07,NA
2026-02-07,5
2026-02-07,86
2026-02-07,28
2026-02-07,2
2026-02-07,64
2026-02-07,1
2026-02-07,10
2026-02-07,94
2026-02-07,13
2026-02-07,8
2026-02-07,30
2026-02-07,28
2026-02-07,78
2026-02-07,50
2026-02-07,62
2026-02-07,5
2026-02-07,38
2026-02-07,74
2026-02-07,30
2026-02-07,46
2026-02-07,48
2026-02-07,37
2026-02-07,32
2026-02-07,5
2026-02-07,8
2026-02-07,36
2026-02-07,22
2026-02-07,33
2026-02-07,36
2026-02-07,70
2026-02-07,NA
2026-02-07,69
2026-02-07,122
2026-02-07,15
2026-02-07,3
2026-02-07,25
2026-02-07,23
2026-02-07,35
2026-02-07,5
2026-02-07,21
2026-02-07,NA
2026-02-07,61
2026-02-07,39
2026-02-07,16
2026-02-07,26
2026-02-07,34
2026-02-07,47
2026-02-07,11
2026-02-07,88
2026-02-07,38
2026-02-07,131
2026-02-07,87
2026-02-07,3
2026-02-07,3
2026-02-07,NA
2026-02-07,19
2026-02-07,86
2026-02-07,48
2026-02-07,124
2026-02-07,15
2026-02-07,41
2026-02-07,30
2026-02-07,40
2026-02-07,30
2026-02-07,6
2026-02-07,7
2026-02-07,7
2026-02-07,51
2026-02-07,10
2026-02-07,11
2026-02-07,8
2026-02-07,13
2026-02-07,14
2026-02-07,21
2026-02-07,6
2026-02-07,29
2026-02-07,4
2026-02-07,39
2026-02-07,30
2026-02-07,72
2026-02-07,50
2026-02-07,NA
2026-02-07,30
2026-02-07,NA
2026-02-07,NA
2026-02-07,92
2026-02-07,NA
2026-02-07,86
2026-02-07,NA
2026-02-07,78
2026-02-07,NA
2026-02-07,283
2026-02-07,NA
2026-02-07,52
2026-02-07,46
2026-02-07,37
2026-02-07,3
2026-02-07,71
2026-02-07,65
2026-02-07,NA
2026-02-07,34
2026-02-07,2
2026-02-07,45
2026-02-07,2
2026-02-07,12
2026-02-07,NA
2026-02-07,40
2026-02-07,24
2026-02-07,31
2026-02-07,31
2026-02-07,43
2026-02-07,28
2026-02-07,33
2026-02-07,20
2026-02-07,10
2026-02-07,3
2026-02-07,32
2026-02-08,NA
2026-02-08,NA
2026-02-08,6
2026-02-08,8
2026-02-08,NA
2026-02-08,NA
2026-02-08,NA
2026-02-08,9
2026-02-08,15
2026-02-08,NA
2026-02-08,NA
2026-02-08,41
2026-02-08,10
2026-02-08,30
2026-02-08,20
2026-02-08,10
2026-02-08,NA
2026-02-08,NA
2026-02-08,30
2026-02-08,67
2026-02-08,NA
2026-02-08,NA
2026-02-08,NA
2026-02-08,33
2026-02-08,10
2026-02-08,67
2026-02-08,48
2026-02-08,51
2026-02-08,101
2026-02-08,8
2026-02-08,NA
2026-02-08,NA
2026-02-08,NA
2026-02-08,10
2026-02-08,93
2026-02-08,62
2026-02-08,6
2026-02-08,73
2026-02-08,120
2026-02-08,19
2026-02-08,102
2026-02-08,31
2026-02-08,12
2026-02-08,NA
2026-02-08,NA
2026-02-08,NA
2026-02-08,NA
2026-02-08,NA
2026-02-08,NA
2026-02-08,5
2026-02-08,87
2026-02-08,28
2026-02-08,2
2026-02-08,64
2026-02-08,1
2026-02-08,10
2026-02-08,94
2026-02-08,9
2026-02-08,8
2026-02-08,29
2026-02-08,28
2026-02-08,78
2026-02-08,50
2026-02-08,61
2026-02-08,5
2026-02-08,45
2026-02-08,74
2026-02-08,30
2026-02-08,46
2026-02-08,48
2026-02-08,38
2026-02-08,32
2026-02-08,5
2026-02-08,8
2026-02-08,36
2026-02-08,22
2026-02-08,34
2026-02-08,36
2026-02-08,70
2026-02-08,NA
2026-02-08,69
2026-02-08,120
2026-02-08,13
2026-02-08,3
2026-02-08,25
2026-02-08,23
2026-02-08,35
2026-02-08,5
2026-02-08,21
2026-02-08,NA
2026-02-08,61
2026-02-08,39
2026-02-08,16
2026-02-08,26
2026-02-08,34
2026-02-08,46
2026-02-08,12
2026-02-08,88
2026-02-08,38
2026-02-08,131
2026-02-08,87
2026-02-08,3
2026-02-08,3
2026-02-08,NA
2026-02-08,19
2026-02-08,86
2026-02-08,49
2026-02-08,125
2026-02-08,15
2026-02-08,43
2026-02-08,30
2026-02-08,40
2026-02-08,30
2026-02-08,6
2026-02-08,7
2026-02-08,7
2026-02-08,50
2026-02-08,11
2026-02-08,11
2026-02-08,8
2026-02-08,13
2026-02-08,14
2026-02-08,21
2026-02-08,6
2026-02-08,29
2026-02-08,4
2026-02-08,38
2026-02-08,30
2026-02-08,72
2026-02-08,50
2026-02-08,NA
2026-02-08,30
2026-02-08,NA
2026-02-08,NA
2026-02-08,92
2026-02-08,NA
2026-02-08,86
2026-02-08,NA
2026-02-08,78
2026-02-08,NA
2026-02-08,283
2026-02-08,NA
2026-02-08,52
2026-02-08,46
2026-02-08,37
2026-02-08,3
2026-02-08,71
2026-02-08,65
2026-02-08,NA
2026-02-08,34
2026-02-08,2
2026-02-08,45
2026-02-08,2
2026-02-08,12
2026-02-08,NA
2026-02-08,40
2026-02-08,24
2026-02-08,31
2026-02-08,31
2026-02-08,42
2026-02-08,28
2026-02-08,33
2026-02-08,20
2026-02-08,10
2026-02-08,3
2026-02-08,32
2026-02-09,NA
2026-02-09,NA
2026-02-09,6
2026-02-09,8
2026-02-09,NA
2026-02-09,NA
2026-02-09,NA
2026-02-09,9
2026-02-09,15
2026-02-09,NA
2026-02-09,NA
2026-02-09,41
2026-02-09,10
2026-02-09,30
2026-02-09,21
2026-02-09,10
2026-02-09,NA
2026-02-09,NA
2026-02-09,29
2026-02-09,68
2026-02-09,NA
2026-02-09,NA
2026-02-09,NA
2026-02-09,7
2026-02-09,9
2026-02-09,67
2026-02-09,48
2026-02-09,53
2026-02-09,101
2026-02-09,9
2026-02-09,NA
2026-02-09,NA
2026-02-09,NA
2026-02-09,10
2026-02-09,93
2026-02-09,62
2026-02-09,5
2026-02-09,72
2026-02-09,117
2026-02-09,18
2026-02-09,101
2026-02-09,32
2026-02-09,10
2026-02-09,NA
2026-02-09,NA
2026-02-09,NA
2026-02-09,NA
2026-02-09,NA
2026-02-09,NA
2026-02-09,4
2026-02-09,86
2026-02-09,28
2026-02-09,2
2026-02-09,64
2026-02-09,1
2026-02-09,10
2026-02-09,94
2026-02-09,8
2026-02-09,8
2026-02-09,30
2026-02-09,27
2026-02-09,78
2026-02-09,50
2026-02-09,62
2026-02-09,4
2026-02-09,45
2026-02-09,75
2026-02-09,28
2026-02-09,46
2026-02-09,48
2026-02-09,39
2026-02-09,32
2026-02-09,5
2026-02-09,8
2026-02-09,37
2026-02-09,22
2026-02-09,34
2026-02-09,36
2026-02-09,70
2026-02-09,NA
2026-02-09,69
2026-02-09,125
2026-02-09,15
2026-02-09,3
2026-02-09,25
2026-02-09,23
2026-02-09,35
2026-02-09,5
2026-02-09,21
2026-02-09,NA
2026-02-09,61
2026-02-09,39
2026-02-09,16
2026-02-09,26
2026-02-09,34
2026-02-09,47
2026-02-09,12
2026-02-09,86
2026-02-09,37
2026-02-09,128
2026-02-09,85
2026-02-09,1
2026-02-09,3
2026-02-09,NA
2026-02-09,19
2026-02-09,85
2026-02-09,49
2026-02-09,125
2026-02-09,15
2026-02-09,44
2026-02-09,30
2026-02-09,40
2026-02-09,29
2026-02-09,4
2026-02-09,3
2026-02-09,7
2026-02-09,50
2026-02-09,11
2026-02-09,13
2026-02-09,8
2026-02-09,13
2026-02-09,16
2026-02-09,21
2026-02-09,5
2026-02-09,29
2026-02-09,3
2026-02-09,39
2026-02-09,30
2026-02-09,72
2026-02-09,50
2026-02-09,NA
2026-02-09,30
2026-02-09,NA
2026-02-09,NA
2026-02-09,92
2026-02-09,NA
2026-02-09,86
2026-02-09,NA
2026-02-09,78
2026-02-09,NA
2026-02-09,283
2026-02-09,NA
2026-02-09,52
2026-02-09,46
2026-02-09,37
2026-02-09,3
2026-02-09,71
2026-02-09,65
2026-02-09,NA
2026-02-09,34
2026-02-09,2
2026-02-09,45
2026-02-09,2
2026-02-09,12
2026-02-09,NA
2026-02-09,40
2026-02-09,24
2026-02-09,31
2026-02-09,31
2026-02-09,42
2026-02-09,28
2026-02-09,33
2026-02-09,20
2026-02-09,10
2026-02-09,3
2026-02-09,32
2026-02-10,NA
2026-02-10,NA
2026-02-10,6
2026-02-10,8
2026-02-10,NA
2026-02-10,NA
2026-02-10,NA
2026-02-10,9
2026-02-10,15
2026-02-10,NA
2026-02-10,NA
2026-02-10,41
2026-02-10,10
2026-02-10,30
2026-02-10,22
2026-02-10,10
2026-02-10,NA
2026-02-10,NA
2026-02-10,16
2026-02-10,68
2026-02-10,NA
2026-02-10,NA
2026-02-10,NA
2026-02-10,8
2026-02-10,67
2026-02-10,48
2026-02-10,53
2026-02-10,101
2026-02-10,7
2026-02-10,NA
2026-02-10,NA
2026-02-10,NA
2026-02-10,6
2026-02-10,93
2026-02-10,62
2026-02-10,5
2026-02-10,72
2026-02-10,119
2026-02-10,18
2026-02-10,100
2026-02-10,32
2026-02-10,6
2026-02-10,NA
2026-02-10,NA
2026-02-10,NA
2026-02-10,NA
2026-02-10,NA
2026-02-10,NA
2026-02-10,3
2026-02-10,86
2026-02-10,28
2026-02-10,2
2026-02-10,64
2026-02-10,1
2026-02-10,10
2026-02-10,94
2026-02-10,3
2026-02-10,8
2026-02-10,29
2026-02-10,27
2026-02-10,76
2026-02-10,50
2026-02-10,60
2026-02-10,4
2026-02-10,44
2026-02-10,75
2026-02-10,23
2026-02-10,46
2026-02-10,47
2026-02-10,40
2026-02-10,33
2026-02-10,5
2026-02-10,9
2026-02-10,37
2026-02-10,22
2026-02-10,36
2026-02-10,36
2026-02-10,69
2026-02-10,NA
2026-02-10,68
2026-02-10,125
2026-02-10,14
2026-02-10,4
2026-02-10,24
2026-02-10,24
2026-02-10,35
2026-02-10,5
2026-02-10,21
2026-02-10,NA
2026-02-10,61
2026-02-10,39
2026-02-10,16
2026-02-10,26
2026-02-10,34
2026-02-10,38
2026-02-10,11
2026-02-10,88
2026-02-10,37
2026-02-10,126
2026-02-10,82
2026-02-10,3
2026-02-10,NA
2026-02-10,19
2026-02-10,85
2026-02-10,49
2026-02-10,123
2026-02-10,13
2026-02-10,45
2026-02-10,29
2026-02-10,39
2026-02-10,30
2026-02-10,4
2026-02-10,3
2026-02-10,7
2026-02-10,51
2026-02-10,12
2026-02-10,12
2026-02-10,8
2026-02-10,13
2026-02-10,16
2026-02-10,21
2026-02-10,4
2026-02-10,29
2026-02-10,2
2026-02-10,39
2026-02-10,30
2026-02-10,72
2026-02-10,50
2026-02-10,NA
2026-02-10,30
2026-02-10,NA
2026-02-10,NA
2026-02-10,91
2026-02-10,NA
2026-02-10,86
2026-02-10,NA
2026-02-10,78
2026-02-10,NA
2026-02-10,283
2026-02-10,NA
2026-02-10,52
2026-02-10,46
2026-02-10,37
2026-02-10,3
2026-02-10,71
2026-02-10,65
2026-02-10,NA
2026-02-10,35
2026-02-10,45
2026-02-10,2
2026-02-10,12
2026-02-10,NA
2026-02-10,40
2026-02-10,23
2026-02-10,31
2026-02-10,31
2026-02-10,42
2026-02-10,28
2026-02-10,33
2026-02-10,20
2026-02-10,10
2026-02-10,2
2026-02-10,32
2026-02-11,NA
2026-02-11,NA
2026-02-11,6
2026-02-11,8
2026-02-11,NA
2026-02-11,NA
2026-02-11,NA
2026-02-11,10
2026-02-11,15
2026-02-11,NA
2026-02-11,NA
2026-02-11,41
2026-02-11,5
2026-02-11,30
2026-02-11,22
2026-02-11,10
2026-02-11,NA
2026-02-11,NA
2026-02-11,68
2026-02-11,NA
2026-02-11,NA
2026-02-11,NA
2026-02-11,8
2026-02-11,67
2026-02-11,47
2026-02-11,52
2026-02-11,101
2026-02-11,5
2026-02-11,NA
2026-02-11,NA
2026-02-11,NA
2026-02-11,5
2026-02-11,93
2026-02-11,62
2026-02-11,3
2026-02-11,71
2026-02-11,118
2026-02-11,18
2026-02-11,102
2026-02-11,32
2026-02-11,5
2026-02-11,NA
2026-02-11,NA
2026-02-11,NA
2026-02-11,NA
2026-02-11,NA
2026-02-11,NA
2026-02-11,1
2026-02-11,86
2026-02-11,28
2026-02-11,2
2026-02-11,64
2026-02-11,10
2026-02-11,93
2026-02-11,8
2026-02-11,30
2026-02-11,27
2026-02-11,76
2026-02-11,50
2026-02-11,61
2026-02-11,4
2026-02-11,45
2026-02-11,75
2026-02-11,46
2026-02-11,47
2026-02-11,40
2026-02-11,33
2026-02-11,5
2026-02-11,9
2026-02-11,37
2026-02-11,22
2026-02-11,36
2026-02-11,36
2026-02-11,70
2026-02-11,NA
2026-02-11,69
2026-02-11,124
2026-02-11,14
2026-02-11,4
2026-02-11,24
2026-02-11,24
2026-02-11,35
2026-02-11,5
2026-02-11,21
2026-02-11,NA
2026-02-11,61
2026-02-11,39
2026-02-11,16
2026-02-11,26
2026-02-11,33
2026-02-11,46
2026-02-11,13
2026-02-11,86
2026-02-11,38
2026-02-11,125
2026-02-11,82
2026-02-11,2
2026-02-11,NA
2026-02-11,19
2026-02-11,87
2026-02-11,48
2026-02-11,125
2026-02-11,15
2026-02-11,45
2026-02-11,30
2026-02-11,39
2026-02-11,30
2026-02-11,4
2026-02-11,3
2026-02-11,7
2026-02-11,49
2026-02-11,9
2026-02-11,12
2026-02-11,8
2026-02-11,13
2026-02-11,16
2026-02-11,21
2026-02-11,5
2026-02-11,29
2026-02-11,1
2026-02-11,39
2026-02-11,30
2026-02-11,72
2026-02-11,50
2026-02-11,NA
2026-02-11,29
2026-02-11,NA
2026-02-11,NA
2026-02-11,91
2026-02-11,NA
2026-02-11,85
2026-02-11,NA
2026-02-11,78
2026-02-11,NA
2026-02-11,283
2026-02-11,NA
2026-02-11,52
2026-02-11,46
2026-02-11,37
2026-02-11,3
2026-02-11,71
2026-02-11,65
2026-02-11,NA
2026-02-11,35
2026-02-11,45
2026-02-11,12
2026-02-11,NA
2026-02-11,40
2026-02-11,23
2026-02-11,31
2026-02-11,31
2026-02-11,42
2026-02-11,27
2026-02-11,33
2026-02-11,20
2026-02-11,10
2026-02-11,1
2026-02-11,32
2026-02-12,NA
2026-02-12,NA
2026-02-12,6
2026-02-12,8
2026-02-12,NA
2026-02-12,NA
2026-02-12,NA
2026-02-12,10
2026-02-12,15
2026-02-12,NA
2026-02-12,NA
2026-02-12,41
2026-02-12,30
2026-02-12,22
2026-02-12,10
2026-02-12,NA
2026-02-12,NA
2026-02-12,68
2026-02-12,NA
2026-02-12,NA
2026-02-12,NA
2026-02-12,8
2026-02-12,67
2026-02-12,47
2026-02-12,53
2026-02-12,101
2026-02-12,NA
2026-02-12,NA
2026-02-12,NA
2026-02-12,3
2026-02-12,93
2026-02-12,62
2026-02-12,70
2026-02-12,119
2026-02-12,18
2026-02-12,101
2026-02-12,31
2026-02-12,5
2026-02-12,NA
2026-02-12,NA
2026-02-12,NA
2026-02-12,NA
2026-02-12,NA
2026-02-12,NA
2026-02-12,87
2026-02-12,28
2026-02-12,2
2026-02-12,64
2026-02-12,10
2026-02-12,94
2026-02-12,8
2026-02-12,29
2026-02-12,27
2026-02-12,76
2026-02-12,50
2026-02-12,62
2026-02-12,4
2026-02-12,44
2026-02-12,75
2026-02-12,46
2026-02-12,48
2026-02-12,40
2026-02-12,33
2026-02-12,5
2026-02-12,9
2026-02-12,36
2026-02-12,22
2026-02-12,35
2026-02-12,35
2026-02-12,70
2026-02-12,NA
2026-02-12,68
2026-02-12,124
2026-02-12,13
2026-02-12,4
2026-02-12,24
2026-02-12,22
2026-02-12,35
2026-02-12,5
2026-02-12,21
2026-02-12,NA
2026-02-12,61
2026-02-12,39
2026-02-12,16
2026-02-12,26
2026-02-12,33
2026-02-12,46
2026-02-12,13
2026-02-12,87
2026-02-12,38
2026-02-12,124
2026-02-12,81
2026-02-12,2
2026-02-12,NA
2026-02-12,18
2026-02-12,87
2026-02-12,49
2026-02-12,125
2026-02-12,15
2026-02-12,45
2026-02-12,30
2026-02-12,39
2026-02-12,30
2026-02-12,3
2026-02-12,7
2026-02-12,48
2026-02-12,8
2026-02-12,12
2026-02-12,9
2026-02-12,13
2026-02-12,16
2026-02-12,21
2026-02-12,5
2026-02-12,27
2026-02-12,1
2026-02-12,39
2026-02-12,30
2026-02-12,72
2026-02-12,50
2026-02-12,NA
2026-02-12,30
2026-02-12,NA
2026-02-12,NA
2026-02-12,91
2026-02-12,NA
2026-02-12,85
2026-02-12,NA
2026-02-12,78
2026-02-12,NA
2026-02-12,283
2026-02-12,NA
2026-02-12,51
2026-02-12,46
2026-02-12,37
2026-02-12,71
2026-02-12,65
2026-02-12,NA
2026-02-12,35
2026-02-12,45
2026-02-12,12
2026-02-12,NA
2026-02-12,40
2026-02-12,23
2026-02-12,31
2026-02-12,31
2026-02-12,42
2026-02-12,27
2026-02-12,33
2026-02-12,20
2026-02-12,10
2026-02-12,31
2026-02-13,NA
2026-02-13,NA
2026-02-13,6
2026-02-13,8
2026-02-13,NA
2026-02-13,NA
2026-02-13,NA
2026-02-13,10
2026-02-13,15
2026-02-13,NA
2026-02-13,NA
2026-02-13,42
2026-02-13,30
2026-02-13,10
2026-02-13,NA
2026-02-13,NA
2026-02-13,65
2026-02-13,NA
2026-02-13,NA
2026-02-13,NA
2026-02-13,1
2026-02-13,67
2026-02-13,47
2026-02-13,53
2026-02-13,101
2026-02-13,NA
2026-02-13,NA
2026-02-13,NA
2026-02-13,93
2026-02-13,62
2026-02-13,70
2026-02-13,120
2026-02-13,18
2026-02-13,101
2026-02-13,33
2026-02-13,1
2026-02-13,NA
2026-02-13,NA
2026-02-13,NA
2026-02-13,NA
2026-02-13,NA
2026-02-13,NA
2026-02-13,87
2026-02-13,28
2026-02-13,2
2026-02-13,64
2026-02-13,10
2026-02-13,94
2026-02-13,8
2026-02-13,30
2026-02-13,28
2026-02-13,76
2026-02-13,50
2026-02-13,62
2026-02-13,5
2026-02-13,41
2026-02-13,72
2026-02-13,41
2026-02-13,48
2026-02-13,38
2026-02-13,33
2026-02-13,5
2026-02-13,9
2026-02-13,37
2026-02-13,22
2026-02-13,37
2026-02-13,36
2026-02-13,70
2026-02-13,NA
2026-02-13,69
2026-02-13,124
2026-02-13,15
2026-02-13,5
2026-02-13,25
2026-02-13,21
2026-02-13,35
2026-02-13,5
2026-02-13,21
2026-02-13,NA
2026-02-13,61
2026-02-13,39
2026-02-13,15
2026-02-13,26
2026-02-13,33
2026-02-13,47
2026-02-13,12
2026-02-13,88
2026-02-13,34
2026-02-13,122
2026-02-13,79
2026-02-13,2
2026-02-13,NA
2026-02-13,17
2026-02-13,86
2026-02-13,49
2026-02-13,125
2026-02-13,15
2026-02-13,45
2026-02-13,29
2026-02-13,39
2026-02-13,30
2026-02-13,3
2026-02-13,7
2026-02-13,48
2026-02-13,8
2026-02-13,12
2026-02-13,9
2026-02-13,14
2026-02-13,16
2026-02-13,21
2026-02-13,5
2026-02-13,29
2026-02-13,1
2026-02-13,39
2026-02-13,30
2026-02-13,72
2026-02-13,50
2026-02-13,NA
2026-02-13,29
2026-02-13,NA
2026-02-13,NA
2026-02-13,90
2026-02-13,NA
2026-02-13,86
2026-02-13,NA
2026-02-13,78
2026-02-13,NA
2026-02-13,283
2026-02-13,NA
2026-02-13,52
2026-02-13,46
2026-02-13,37
2026-02-13,71
2026-02-13,64
2026-02-13,NA
2026-02-13,34
2026-02-13,45
2026-02-13,12
2026-02-13,NA
2026-02-13,40
2026-02-13,23
2026-02-13,31
2026-02-13,31
2026-02-13,43
2026-02-13,26
2026-02-13,33
2026-02-13,20
2026-02-13,7
2026-02-13,31
2026-02-14,NA
2026-02-14,NA
2026-02-14,6
2026-02-14,8
2026-02-14,NA
2026-02-14,NA
2026-02-14,NA
2026-02-14,10
2026-02-14,15
2026-02-14,NA
2026-02-14,NA
2026-02-14,41
2026-02-14,30
2026-02-14,10
2026-02-14,NA
2026-02-14,NA
2026-02-14,63
2026-02-14,NA
2026-02-14,NA
2026-02-14,NA
2026-02-14,68
2026-02-14,46
2026-02-14,53
2026-02-14,101
2026-02-14,NA
2026-02-14,NA
2026-02-14,NA
2026-02-14,93
2026-02-14,61
2026-02-14,70
2026-02-14,120
2026-02-14,18
2026-02-14,102
2026-02-14,33
2026-02-14,NA
2026-02-14,NA
2026-02-14,NA
2026-02-14,NA
2026-02-14,NA
2026-02-14,NA
2026-02-14,87
2026-02-14,28
2026-02-14,2
2026-02-14,64
2026-02-14,10
2026-02-14,94
2026-02-14,8
2026-02-14,30
2026-02-14,28
2026-02-14,76
2026-02-14,50
2026-02-14,62
2026-02-14,5
2026-02-14,37
2026-02-14,67
2026-02-14,28
2026-02-14,48
2026-02-14,39
2026-02-14,33
2026-02-14,5
2026-02-14,9
2026-02-14,37
2026-02-14,22
2026-02-14,36
2026-02-14,36
2026-02-14,70
2026-02-14,NA
2026-02-14,68
2026-02-14,123
2026-02-14,15
2026-02-14,5
2026-02-14,24
2026-02-14,21
2026-02-14,35
2026-02-14,5
2026-02-14,21
2026-02-14,NA
2026-02-14,61
2026-02-14,39
2026-02-14,15
2026-02-14,26
2026-02-14,33
2026-02-14,46
2026-02-14,12
2026-02-14,88
2026-02-14,35
2026-02-14,122
2026-02-14,78
2026-02-14,2
2026-02-14,NA
2026-02-14,17
2026-02-14,86
2026-02-14,49
2026-02-14,125
2026-02-14,15
2026-02-14,45
2026-02-14,30
2026-02-14,39
2026-02-14,30
2026-02-14,3
2026-02-14,7
2026-02-14,47
2026-02-14,8
2026-02-14,12
2026-02-14,9
2026-02-14,14
2026-02-14,16
2026-02-14,21
2026-02-14,6
2026-02-14,29
2026-02-14,1
2026-02-14,39
2026-02-14,30
2026-02-14,72
2026-02-14,50
2026-02-14,NA
2026-02-14,26
2026-02-14,NA
2026-02-14,NA
2026-02-14,90
2026-02-14,NA
2026-02-14,86
2026-02-14,NA
2026-02-14,78
2026-02-14,NA
2026-02-14,281
2026-02-14,NA
2026-02-14,52
2026-02-14,46
2026-02-14,37
2026-02-14,71
2026-02-14,65
2026-02-14,NA
2026-02-14,34
2026-02-14,45
2026-02-14,12
2026-02-14,NA
2026-02-14,40
2026-02-14,23
2026-02-14,31
2026-02-14,31
2026-02-14,42
2026-02-14,28
2026-02-14,33
2026-02-14,20
2026-02-14,8
2026-02-14,31
2026-02-15,NA
2026-02-15,NA
2026-02-15,6
2026-02-15,8
2026-02-15,NA
2026-02-15,NA
2026-02-15,NA
2026-02-15,10
2026-02-15,15
2026-02-15,NA
2026-02-15,NA
2026-02-15,42
2026-02-15,30
2026-02-15,10
2026-02-15,NA
2026-02-15,NA
2026-02-15,59
2026-02-15,NA
2026-02-15,NA
2026-02-15,NA
2026-02-15,68
2026-02-15,46
2026-02-15,53
2026-02-15,101
2026-02-15,NA
2026-02-15,NA
2026-02-15,NA
2026-02-15,93
2026-02-15,62
2026-02-15,70
2026-02-15,119
2026-02-15,18
2026-02-15,102
2026-02-15,33
2026-02-15,NA
2026-02-15,NA
2026-02-15,NA
2026-02-15,NA
2026-02-15,NA
2026-02-15,NA
2026-02-15,86
2026-02-15,28
2026-02-15,2
2026-02-15,64
2026-02-15,1
2026-02-15,10
2026-02-15,94
2026-02-15,9
2026-02-15,30
2026-02-15,28
2026-02-15,77
2026-02-15,50
2026-02-15,61
2026-02-15,5
2026-02-15,35
2026-02-15,64
2026-02-15,20
2026-02-15,48
2026-02-15,39
2026-02-15,33
2026-02-15,5
2026-02-15,9
2026-02-15,37
2026-02-15,22
2026-02-15,36
2026-02-15,36
2026-02-15,70
2026-02-15,NA
2026-02-15,70
2026-02-15,125
2026-02-15,15
2026-02-15,5
2026-02-15,25
2026-02-15,21
2026-02-15,35
2026-02-15,5
2026-02-15,21
2026-02-15,NA
2026-02-15,61
2026-02-15,39
2026-02-15,14
2026-02-15,26
2026-02-15,33
2026-02-15,47
2026-02-15,13
2026-02-15,88
2026-02-15,36
2026-02-15,122
2026-02-15,76
2026-02-15,2
2026-02-15,NA
2026-02-15,17
2026-02-15,86
2026-02-15,49
2026-02-15,125
2026-02-15,15
2026-02-15,45
2026-02-15,29
2026-02-15,39
2026-02-15,30
2026-02-15,3
2026-02-15,7
2026-02-15,49
2026-02-15,7
2026-02-15,11
2026-02-15,9
2026-02-15,14
2026-02-15,16
2026-02-15,21
2026-02-15,5
2026-02-15,29
2026-02-15,1
2026-02-15,39
2026-02-15,30
2026-02-15,72
2026-02-15,50
2026-02-15,NA
2026-02-15,28
2026-02-15,NA
2026-02-15,NA
2026-02-15,90
2026-02-15,NA
2026-02-15,86
2026-02-15,NA
2026-02-15,78
2026-02-15,NA
2026-02-15,283
2026-02-15,NA
2026-02-15,52
2026-02-15,46
2026-02-15,37
2026-02-15,71
2026-02-15,65
2026-02-15,NA
2026-02-15,34
2026-02-15,45
2026-02-15,12
2026-02-15,NA
2026-02-15,40
2026-02-15,23
2026-02-15,31
2026-02-15,31
2026-02-15,42
2026-02-15,28
2026-02-15,33
2026-02-15,20
2026-02-15,9
2026-02-15,31
2026-02-16,NA
2026-02-16,NA
2026-02-16,6
2026-02-16,8
2026-02-16,NA
2026-02-16,NA
2026-02-16,NA
2026-02-16,10
2026-02-16,15
2026-02-16,NA
2026-02-16,NA
2026-02-16,42
2026-02-16,30
2026-02-16,10
2026-02-16,NA
2026-02-16,NA
2026-02-16,56
2026-02-16,NA
2026-02-16,NA
2026-02-16,NA
2026-02-16,68
2026-02-16,46
2026-02-16,53
2026-02-16,101
2026-02-16,NA
2026-02-16,NA
2026-02-16,NA
2026-02-16,93
2026-02-16,62
2026-02-16,70
2026-02-16,118
2026-02-16,18
2026-02-16,102
2026-02-16,33
2026-02-16,NA
2026-02-16,NA
2026-02-16,NA
2026-02-16,NA
2026-02-16,NA
2026-02-16,NA
2026-02-16,86
2026-02-16,28
2026-02-16,2
2026-02-16,64
2026-02-16,1
2026-02-16,10
2026-02-16,94
2026-02-16,9
2026-02-16,29
2026-02-16,28
2026-02-16,77
2026-02-16,50
2026-02-16,62
2026-02-16,8
2026-02-16,31
2026-02-16,62
2026-02-16,18
2026-02-16,48
2026-02-16,40
2026-02-16,33
2026-02-16,5
2026-02-16,9
2026-02-16,37
2026-02-16,22
2026-02-16,35
2026-02-16,36
2026-02-16,70
2026-02-16,NA
2026-02-16,70
2026-02-16,104
2026-02-16,12
2026-02-16,6
2026-02-16,5
2026-02-16,25
2026-02-16,21
2026-02-16,35
2026-02-16,5
2026-02-16,21
2026-02-16,NA
2026-02-16,59
2026-02-16,49
2026-02-16,18
2026-02-16,28
2026-02-16,35
2026-02-16,47
2026-02-16,12
2026-02-16,88
2026-02-16,29
2026-02-16,122
2026-02-16,76
2026-02-16,NA
2026-02-16,17
2026-02-16,85
2026-02-16,49
2026-02-16,92
2026-02-16,11
2026-02-16,44
2026-02-16,29
2026-02-16,39
2026-02-16,30
2026-02-16,3
2026-02-16,7
2026-02-16,49
2026-02-16,7
2026-02-16,11
2026-02-16,9
2026-02-16,14
2026-02-16,16
2026-02-16,21
2026-02-16,5
2026-02-16,29
2026-02-16,1
2026-02-16,39
2026-02-16,30
2026-02-16,72
2026-02-16,50
2026-02-16,NA
2026-02-16,27
2026-02-16,NA
2026-02-16,NA
2026-02-16,90
2026-02-16,NA
2026-02-16,86
2026-02-16,NA
2026-02-16,78
2026-02-16,7
2026-02-16,NA
2026-02-16,283
2026-02-16,NA
2026-02-16,52
2026-02-16,46
2026-02-16,37
2026-02-16,71
2026-02-16,65
2026-02-16,NA
2026-02-16,35
2026-02-16,45
2026-02-16,12
2026-02-16,NA
2026-02-16,40
2026-02-16,23
2026-02-16,31
2026-02-16,31
2026-02-16,43
2026-02-16,28
2026-02-16,33
2026-02-16,20
2026-02-16,9
2026-02-16,31
2026-02-17,NA
2026-02-17,NA
2026-02-17,6
2026-02-17,8
2026-02-17,NA
2026-02-17,NA
2026-02-17,NA
2026-02-17,10
2026-02-17,15
2026-02-17,NA
2026-02-17,NA
2026-02-17,42
2026-02-17,30
2026-02-17,10
2026-02-17,NA
2026-02-17,NA
2026-02-17,54
2026-02-17,NA
2026-02-17,NA
2026-02-17,NA
2026-02-17,67
2026-02-17,47
2026-02-17,53
2026-02-17,101
2026-02-17,NA
2026-02-17,NA
2026-02-17,NA
2026-02-17,93
2026-02-17,62
2026-02-17,68
2026-02-17,117
2026-02-17,18
2026-02-17,102
2026-02-17,33
2026-02-17,NA
2026-02-17,NA
2026-02-17,NA
2026-02-17,NA
2026-02-17,NA
2026-02-17,NA
2026-02-17,86
2026-02-17,28
2026-02-17,2
2026-02-17,64
2026-02-17,1
2026-02-17,10
2026-02-17,94
2026-02-17,9
2026-02-17,28
2026-02-17,28
2026-02-17,78
2026-02-17,50
2026-02-17,62
2026-02-17,13
2026-02-17,40
2026-02-17,75
2026-02-17,22
2026-02-17,48
2026-02-17,39
2026-02-17,33
2026-02-17,5
2026-02-17,10
2026-02-17,37
2026-02-17,22
2026-02-17,36
2026-02-17,36
2026-02-17,70
2026-02-17,NA
2026-02-17,69
2026-02-17,60
2026-02-17,9
2026-02-17,17
2026-02-17,5
2026-02-17,25
2026-02-17,21
2026-02-17,35
2026-02-17,5
2026-02-17,21
2026-02-17,NA
2026-02-17,60
2026-02-17,49
2026-02-17,18
2026-02-17,28
2026-02-17,37
2026-02-17,47
2026-02-17,12
2026-02-17,87
2026-02-17,31
2026-02-17,119
2026-02-17,74
2026-02-17,NA
2026-02-17,18
2026-02-17,85
2026-02-17,48
2026-02-17,68
2026-02-17,10
2026-02-17,45
2026-02-17,29
2026-02-17,37
2026-02-17,30
2026-02-17,3
2026-02-17,7
2026-02-17,48
2026-02-17,8
2026-02-17,11
2026-02-17,9
2026-02-17,14
2026-02-17,16
2026-02-17,21
2026-02-17,6
2026-02-17,29
2026-02-17,1
2026-02-17,38
2026-02-17,30
2026-02-17,72
2026-02-17,50
2026-02-17,NA
2026-02-17,30
2026-02-17,NA
2026-02-17,NA
2026-02-17,90
2026-02-17,NA
2026-02-17,85
2026-02-17,NA
2026-02-17,78
2026-02-17,20
2026-02-17,NA
2026-02-17,283
2026-02-17,NA
2026-02-17,52
2026-02-17,46
2026-02-17,36
2026-02-17,71
2026-02-17,65
2026-02-17,NA
2026-02-17,35
2026-02-17,45
2026-02-17,11
2026-02-17,NA
2026-02-17,40
2026-02-17,22
2026-02-17,31
2026-02-17,31
2026-02-17,43
2026-02-17,28
2026-02-17,33
2026-02-17,19
2026-02-17,9
2026-02-17,31
2026-02-18,NA
2026-02-18,NA
2026-02-18,6
2026-02-18,8
2026-02-18,NA
2026-02-18,NA
2026-02-18,NA
2026-02-18,10
2026-02-18,15
2026-02-18,NA
2026-02-18,NA
2026-02-18,42
2026-02-18,30
2026-02-18,10
2026-02-18,NA
2026-02-18,NA
2026-02-18,67
2026-02-18,NA
2026-02-18,NA
2026-02-18,NA
2026-02-18,67
2026-02-18,47
2026-02-18,53
2026-02-18,101
2026-02-18,NA
2026-02-18,NA
2026-02-18,NA
2026-02-18,93
2026-02-18,61
2026-02-18,67
2026-02-18,119
2026-02-18,17
2026-02-18,102
2026-02-18,34
2026-02-18,NA
2026-02-18,NA
2026-02-18,NA
2026-02-18,NA
2026-02-18,NA
2026-02-18,NA
2026-02-18,85
2026-02-18,28
2026-02-18,2
2026-02-18,64
2026-02-18,10
2026-02-18,94
2026-02-18,9
2026-02-18,29
2026-02-18,28
2026-02-18,78
2026-02-18,50
2026-02-18,62
2026-02-18,13
2026-02-18,45
2026-02-18,73
2026-02-18,46
2026-02-18,48
2026-02-18,40
2026-02-18,33
2026-02-18,5
2026-02-18,10
2026-02-18,37
2026-02-18,22
2026-02-18,36
2026-02-18,36
2026-02-18,70
2026-02-18,NA
2026-02-18,69
2026-02-18,46
2026-02-18,5
2026-02-18,21
2026-02-18,5
2026-02-18,24
2026-02-18,23
2026-02-18,35
2026-02-18,5
2026-02-18,21
2026-02-18,NA
2026-02-18,61
2026-02-18,47
2026-02-18,19
2026-02-18,31
2026-02-18,35
2026-02-18,47
2026-02-18,11
2026-02-18,87
2026-02-18,34
2026-02-18,119
2026-02-18,70
2026-02-18,NA
2026-02-18,18
2026-02-18,84
2026-02-18,47
2026-02-18,59
2026-02-18,5
2026-02-18,45
2026-02-18,29
2026-02-18,37
2026-02-18,30
2026-02-18,3
2026-02-18,7
2026-02-18,50
2026-02-18,8
2026-02-18,11
2026-02-18,9
2026-02-18,14
2026-02-18,16
2026-02-18,21
2026-02-18,5
2026-02-18,29
2026-02-18,1
2026-02-18,39
2026-02-18,30
2026-02-18,71
2026-02-18,50
2026-02-18,NA
2026-02-18,30
2026-02-18,NA
2026-02-18,NA
2026-02-18,90
2026-02-18,NA
2026-02-18,86
2026-02-18,NA
2026-02-18,78
2026-02-18,29
2026-02-18,NA
2026-02-18,283
2026-02-18,NA
2026-02-18,52
2026-02-18,46
2026-02-18,37
2026-02-18,71
2026-02-18,65
2026-02-18,NA
2026-02-18,34
2026-02-18,45
2026-02-18,12
2026-02-18,NA
2026-02-18,40
2026-02-18,22
2026-02-18,31
2026-02-18,31
2026-02-18,43
2026-02-18,27
2026-02-18,33
2026-02-18,19
2026-02-18,10
2026-02-18,31
2026-02-19,NA
2026-02-19,NA
2026-02-19,6
2026-02-19,8
2026-02-19,NA
2026-02-19,NA
2026-02-19,NA
2026-02-19,10
2026-02-19,15
2026-02-19,NA
2026-02-19,NA
2026-02-19,42
2026-02-19,30
2026-02-19,10
2026-02-19,NA
2026-02-19,NA
2026-02-19,66
2026-02-19,NA
2026-02-19,NA
2026-02-19,NA
2026-02-19,66
2026-02-19,48
2026-02-19,53
2026-02-19,100
2026-02-19,NA
2026-02-19,NA
2026-02-19,NA
2026-02-19,93
2026-02-19,62
2026-02-19,67
2026-02-19,119
2026-02-19,17
2026-02-19,102
2026-02-19,34
2026-02-19,NA
2026-02-19,NA
2026-02-19,NA
2026-02-19,NA
2026-02-19,NA
2026-02-19,NA
2026-02-19,86
2026-02-19,28
2026-02-19,2
2026-02-19,63
2026-02-19,10
2026-02-19,94
2026-02-19,9
2026-02-19,29
2026-02-19,28
2026-02-19,78
2026-02-19,50
2026-02-19,62
2026-02-19,15
2026-02-19,45
2026-02-19,74
2026-02-19,46
2026-02-19,49
2026-02-19,40
2026-02-19,33
2026-02-19,5
2026-02-19,10
2026-02-19,37
2026-02-19,22
2026-02-19,38
2026-02-19,36
2026-02-19,70
2026-02-19,NA
2026-02-19,69
2026-02-19,30
2026-02-19,4
2026-02-19,20
2026-02-19,5
2026-02-19,23
2026-02-19,24
2026-02-19,35
2026-02-19,5
2026-02-19,21
2026-02-19,NA
2026-02-19,57
2026-02-19,50
2026-02-19,21
2026-02-19,32
2026-02-19,37
2026-02-19,47
2026-02-19,11
2026-02-19,85
2026-02-19,36
2026-02-19,118
2026-02-19,66
2026-02-19,NA
2026-02-19,19
2026-02-19,83
2026-02-19,49
2026-02-19,29
2026-02-19,3
2026-02-19,45
2026-02-19,29
2026-02-19,37
2026-02-19,30
2026-02-19,3
2026-02-19,7
2026-02-19,49
2026-02-19,8
2026-02-19,11
2026-02-19,9
2026-02-19,14
2026-02-19,16
2026-02-19,21
2026-02-19,6
2026-02-19,29
2026-02-19,1
2026-02-19,39
2026-02-19,30
2026-02-19,72
2026-02-19,50
2026-02-19,NA
2026-02-19,29
2026-02-19,NA
2026-02-19,NA
2026-02-19,91
2026-02-19,NA
2026-02-19,85
2026-02-19,NA
2026-02-19,78
2026-02-19,40
2026-02-19,NA
2026-02-19,283
2026-02-19,NA
2026-02-19,52
2026-02-19,46
2026-02-19,37
2026-02-19,71
2026-02-19,65
2026-02-19,NA
2026-02-19,35
2026-02-19,44
2026-02-19,12
2026-02-19,NA
2026-02-19,40
2026-02-19,22
2026-02-19,31
2026-02-19,31
2026-02-19,43
2026-02-19,27
2026-02-19,33
2026-02-19,19
2026-02-19,9
2026-02-19,31
2026-02-20,NA
2026-02-20,NA
2026-02-20,6
2026-02-20,8
2026-02-20,NA
2026-02-20,NA
2026-02-20,NA
2026-02-20,10
2026-02-20,15
2026-02-20,NA
2026-02-20,NA
2026-02-20,42
2026-02-20,30
2026-02-20,10
2026-02-20,NA
2026-02-20,NA
2026-02-20,67
2026-02-20,NA
2026-02-20,NA
2026-02-20,NA
2026-02-20,66
2026-02-20,48
2026-02-20,53
2026-02-20,101
2026-02-20,NA
2026-02-20,NA
2026-02-20,NA
2026-02-20,93
2026-02-20,62
2026-02-20,67
2026-02-20,120
2026-02-20,17
2026-02-20,102
2026-02-20,34
2026-02-20,NA
2026-02-20,NA
2026-02-20,NA
2026-02-20,NA
2026-02-20,NA
2026-02-20,NA
2026-02-20,86
2026-02-20,28
2026-02-20,2
2026-02-20,63
2026-02-20,10
2026-02-20,94
2026-02-20,9
2026-02-20,29
2026-02-20,28
2026-02-20,78
2026-02-20,50
2026-02-20,62
2026-02-20,15
2026-02-20,45
2026-02-20,75
2026-02-20,46
2026-02-20,49
2026-02-20,37
2026-02-20,32
2026-02-20,5
2026-02-20,10
2026-02-20,37
2026-02-20,24
2026-02-20,39
2026-02-20,36
2026-02-20,70
2026-02-20,NA
2026-02-20,67
2026-02-20,23
2026-02-20,1
2026-02-20,20
2026-02-20,5
2026-02-20,23
2026-02-20,24
2026-02-20,35
2026-02-20,5
2026-02-20,21
2026-02-20,NA
2026-02-20,59
2026-02-20,50
2026-02-20,23
2026-02-20,35
2026-02-20,38
2026-02-20,47
2026-02-20,13
2026-02-20,87
2026-02-20,37
2026-02-20,116
2026-02-20,65
2026-02-20,NA
2026-02-20,19
2026-02-20,84
2026-02-20,49
2026-02-20,19
2026-02-20,1
2026-02-20,45
2026-02-20,30
2026-02-20,37
2026-02-20,30
2026-02-20,3
2026-02-20,7
2026-02-20,49
2026-02-20,8
2026-02-20,11
2026-02-20,9
2026-02-20,14
2026-02-20,16
2026-02-20,21
2026-02-20,6
2026-02-20,29
2026-02-20,1
2026-02-20,39
2026-02-20,30
2026-02-20,72
2026-02-20,50
2026-02-20,NA
2026-02-20,29
2026-02-20,NA
2026-02-20,NA
2026-02-20,91
2026-02-20,NA
2026-02-20,86
2026-02-20,NA
2026-02-20,78
2026-02-20,45
2026-02-20,NA
2026-02-20,283
2026-02-20,NA
2026-02-20,52
2026-02-20,46
2026-02-20,37
2026-02-20,71
2026-02-20,65
2026-02-20,NA
2026-02-20,35
2026-02-20,45
2026-02-20,12
2026-02-20,NA
2026-02-20,40
2026-02-20,22
2026-02-20,31
2026-02-20,31
2026-02-20,43
2026-02-20,28
2026-02-20,33
2026-02-20,19
2026-02-20,9
2026-02-20,31
2026-02-21,NA
2026-02-21,NA
2026-02-21,6
2026-02-21,8
2026-02-21,NA
2026-02-21,NA
2026-02-21,NA
2026-02-21,10
2026-02-21,15
2026-02-21,NA
2026-02-21,NA
2026-02-21,42
2026-02-21,30
2026-02-21,10
2026-02-21,NA
2026-02-21,NA
2026-02-21,66
2026-02-21,NA
2026-02-21,NA
2026-02-21,NA
2026-02-21,66
2026-02-21,48
2026-02-21,53
2026-02-21,100
2026-02-21,NA
2026-02-21,NA
2026-02-21,NA
2026-02-21,93
2026-02-21,62
2026-02-21,67
2026-02-21,121
2026-02-21,17
2026-02-21,102
2026-02-21,34
2026-02-21,NA
2026-02-21,NA
2026-02-21,NA
2026-02-21,NA
2026-02-21,NA
2026-02-21,NA
2026-02-21,86
2026-02-21,28
2026-02-21,2
2026-02-21,64
2026-02-21,10
2026-02-21,94
2026-02-21,9
2026-02-21,30
2026-02-21,28
2026-02-21,78
2026-02-21,50
2026-02-21,62
2026-02-21,13
2026-02-21,45
2026-02-21,75
2026-02-21,46
2026-02-21,49
2026-02-21,37
2026-02-21,32
2026-02-21,5
2026-02-21,10
2026-02-21,37
2026-02-21,24
2026-02-21,40
2026-02-21,36
2026-02-21,69
2026-02-21,NA
2026-02-21,66
2026-02-21,23
2026-02-21,1
2026-02-21,20
2026-02-21,5
2026-02-21,23
2026-02-21,24
2026-02-21,35
2026-02-21,5
2026-02-21,21
2026-02-21,NA
2026-02-21,60
2026-02-21,50
2026-02-21,23
2026-02-21,36
2026-02-21,39
2026-02-21,47
2026-02-21,13
2026-02-21,87
2026-02-21,37
2026-02-21,116
2026-02-21,64
2026-02-21,NA
2026-02-21,19
2026-02-21,85
2026-02-21,48
2026-02-21,17
2026-02-21,1
2026-02-21,45
2026-02-21,1
2026-02-21,30
2026-02-21,37
2026-02-21,30
2026-02-21,3
2026-02-21,7
2026-02-21,48
2026-02-21,9
2026-02-21,11
2026-02-21,9
2026-02-21,14
2026-02-21,16
2026-02-21,21
2026-02-21,6
2026-02-21,29
2026-02-21,1
2026-02-21,39
2026-02-21,30
2026-02-21,72
2026-02-21,50
2026-02-21,NA
2026-02-21,29
2026-02-21,NA
2026-02-21,NA
2026-02-21,91
2026-02-21,NA
2026-02-21,86
2026-02-21,NA
2026-02-21,78
2026-02-21,45
2026-02-21,NA
2026-02-21,283
2026-02-21,NA
2026-02-21,52
2026-02-21,46
2026-02-21,37
2026-02-21,71
2026-02-21,65
2026-02-21,NA
2026-02-21,35
2026-02-21,45
2026-02-21,12
2026-02-21,NA
2026-02-21,40
2026-02-21,22
2026-02-21,31
2026-02-21,31
2026-02-21,43
2026-02-21,27
2026-02-21,33
2026-02-21,19
2026-02-21,10
2026-02-21,31
2026-02-22,NA
2026-02-22,NA
2026-02-22,6
2026-02-22,8
2026-02-22,NA
2026-02-22,NA
2026-02-22,NA
2026-02-22,10
2026-02-22,15
2026-02-22,NA
2026-02-22,NA
2026-02-22,42
2026-02-22,30
2026-02-22,10
2026-02-22,NA
2026-02-22,NA
2026-02-22,67
2026-02-22,NA
2026-02-22,NA
2026-02-22,NA
2026-02-22,66
2026-02-22,48
2026-02-22,53
2026-02-22,101
2026-02-22,NA
2026-02-22,NA
2026-02-22,NA
2026-02-22,93
2026-02-22,61
2026-02-22,67
2026-02-22,121
2026-02-22,17
2026-02-22,102
2026-02-22,33
2026-02-22,NA
2026-02-22,NA
2026-02-22,NA
2026-02-22,NA
2026-02-22,NA
2026-02-22,NA
2026-02-22,85
2026-02-22,28
2026-02-22,2
2026-02-22,64
2026-02-22,10
2026-02-22,94
2026-02-22,9
2026-02-22,29
2026-02-22,28
2026-02-22,77
2026-02-22,50
2026-02-22,62
2026-02-22,12
2026-02-22,45
2026-02-22,75
2026-02-22,46
2026-02-22,49
2026-02-22,38
2026-02-22,33
2026-02-22,5
2026-02-22,10
2026-02-22,36
2026-02-22,24
2026-02-22,41
2026-02-22,36
2026-02-22,69
2026-02-22,NA
2026-02-22,66
2026-02-22,22
2026-02-22,1
2026-02-22,20
2026-02-22,5
2026-02-22,23
2026-02-22,23
2026-02-22,35
2026-02-22,5
2026-02-22,21
2026-02-22,NA
2026-02-22,60
2026-02-22,49
2026-02-22,23
2026-02-22,37
2026-02-22,39
2026-02-22,47
2026-02-22,13
2026-02-22,86
2026-02-22,37
2026-02-22,116
2026-02-22,64
2026-02-22,NA
2026-02-22,19
2026-02-22,85
2026-02-22,48
2026-02-22,16
2026-02-22,1
2026-02-22,45
2026-02-22,1
2026-02-22,30
2026-02-22,37
2026-02-22,30
2026-02-22,3
2026-02-22,7
2026-02-22,47
2026-02-22,10
2026-02-22,11
2026-02-22,9
2026-02-22,14
2026-02-22,16
2026-02-22,21
2026-02-22,6
2026-02-22,29
2026-02-22,1
2026-02-22,39
2026-02-22,30
2026-02-22,72
2026-02-22,50
2026-02-22,NA
2026-02-22,29
2026-02-22,NA
2026-02-22,NA
2026-02-22,91
2026-02-22,NA
2026-02-22,86
2026-02-22,NA
2026-02-22,78
2026-02-22,46
2026-02-22,NA
2026-02-22,283
2026-02-22,NA
2026-02-22,52
2026-02-22,46
2026-02-22,37
2026-02-22,71
2026-02-22,65
2026-02-22,NA
2026-02-22,35
2026-02-22,45
2026-02-22,12
2026-02-22,NA
2026-02-22,40
2026-02-22,22
2026-02-22,31
2026-02-22,31
2026-02-22,43
2026-02-22,27
2026-02-22,33
2026-02-22,19
2026-02-22,10
2026-02-22,31
2026-02-23,NA
2026-02-23,NA
2026-02-23,6
2026-02-23,8
2026-02-23,NA
2026-02-23,NA
2026-02-23,NA
2026-02-23,10
2026-02-23,15
2026-02-23,NA
2026-02-23,NA
2026-02-23,42
2026-02-23,4
2026-02-23,30
2026-02-23,16
2026-02-23,10
2026-02-23,NA
2026-02-23,NA
2026-02-23,28
2026-02-23,67
2026-02-23,NA
2026-02-23,NA
2026-02-23,NA
2026-02-23,3
2026-02-23,66
2026-02-23,47
2026-02-23,53
2026-02-23,101
2026-02-23,NA
2026-02-23,NA
2026-02-23,NA
2026-02-23,92
2026-02-23,62
2026-02-23,1
2026-02-23,66
2026-02-23,121
2026-02-23,17
2026-02-23,101
2026-02-23,34
2026-02-23,NA
2026-02-23,NA
2026-02-23,NA
2026-02-23,NA
2026-02-23,NA
2026-02-23,NA
2026-02-23,2
2026-02-23,84
2026-02-23,28
2026-02-23,2
2026-02-23,64
2026-02-23,10
2026-02-23,94
2026-02-23,1
2026-02-23,9
2026-02-23,30
2026-02-23,28
2026-02-23,77
2026-02-23,50
2026-02-23,61
2026-02-23,12
2026-02-23,45
2026-02-23,75
2026-02-23,15
2026-02-23,46
2026-02-23,49
2026-02-23,40
2026-02-23,33
2026-02-23,5
2026-02-23,10
2026-02-23,36
2026-02-23,24
2026-02-23,42
2026-02-23,36
2026-02-23,69
2026-02-23,NA
2026-02-23,63
2026-02-23,21
2026-02-23,1
2026-02-23,18
2026-02-23,5
2026-02-23,24
2026-02-23,23
2026-02-23,35
2026-02-23,5
2026-02-23,21
2026-02-23,NA
2026-02-23,59
2026-02-23,48
2026-02-23,22
2026-02-23,37
2026-02-23,39
2026-02-23,47
2026-02-23,12
2026-02-23,88
2026-02-23,38
2026-02-23,115
2026-02-23,63
2026-02-23,1
2026-02-23,NA
2026-02-23,19
2026-02-23,85
2026-02-23,46
2026-02-23,15
2026-02-23,1
2026-02-23,45
2026-02-23,1
2026-02-23,30
2026-02-23,37
2026-02-23,30
2026-02-23,3
2026-02-23,2
2026-02-23,8
2026-02-23,46
2026-02-23,9
2026-02-23,11
2026-02-23,9
2026-02-23,14
2026-02-23,16
2026-02-23,21
2026-02-23,6
2026-02-23,29
2026-02-23,1
2026-02-23,39
2026-02-23,30
2026-02-23,72
2026-02-23,50
2026-02-23,NA
2026-02-23,29
2026-02-23,NA
2026-02-23,NA
2026-02-23,91
2026-02-23,NA
2026-02-23,86
2026-02-23,NA
2026-02-23,78
2026-02-23,49
2026-02-23,NA
2026-02-23,283
2026-02-23,NA
2026-02-23,51
2026-02-23,46
2026-02-23,37
2026-02-23,71
2026-02-23,65
2026-02-23,NA
2026-02-23,35
2026-02-23,45
2026-02-23,12
2026-02-23,NA
2026-02-23,40
2026-02-23,22
2026-02-23,31
2026-02-23,31
2026-02-23,43
2026-02-23,27
2026-02-23,33
2026-02-23,19
2026-02-23,9
2026-02-23,31
2026-02-24,NA
2026-02-24,NA
2026-02-24,6
2026-02-24,8
2026-02-24,NA
2026-02-24,NA
2026-02-24,NA
2026-02-24,10
2026-02-24,15
2026-02-24,NA
2026-02-24,NA
2026-02-24,42
2026-02-24,4
2026-02-24,30
2026-02-24,22
2026-02-24,10
2026-02-24,NA
2026-02-24,NA
2026-02-24,68
2026-02-24,NA
2026-02-24,NA
2026-02-24,NA
2026-02-24,3
2026-02-24,66
2026-02-24,47
2026-02-24,53
2026-02-24,101
2026-02-24,2
2026-02-24,NA
2026-02-24,NA
2026-02-24,NA
2026-02-24,92
2026-02-24,62
2026-02-24,1
2026-02-24,66
2026-02-24,121
2026-02-24,16
2026-02-24,102
2026-02-24,33
2026-02-24,1
2026-02-24,NA
2026-02-24,NA
2026-02-24,NA
2026-02-24,NA
2026-02-24,NA
2026-02-24,NA
2026-02-24,1
2026-02-24,85
2026-02-24,28
2026-02-24,2
2026-02-24,64
2026-02-24,1
2026-02-24,10
2026-02-24,94
2026-02-24,9
2026-02-24,30
2026-02-24,28
2026-02-24,78
2026-02-24,50
2026-02-24,62
2026-02-24,14
2026-02-24,45
2026-02-24,75
2026-02-24,9
2026-02-24,46
2026-02-24,49
2026-02-24,40
2026-02-24,33
2026-02-24,5
2026-02-24,10
2026-02-24,36
2026-02-24,24
2026-02-24,45
2026-02-24,36
2026-02-24,69
2026-02-24,NA
2026-02-24,63
2026-02-24,21
2026-02-24,1
2026-02-24,18
2026-02-24,4
2026-02-24,26
2026-02-24,21
2026-02-24,35
2026-02-24,5
2026-02-24,21
2026-02-24,NA
2026-02-24,60
2026-02-24,48
2026-02-24,22
2026-02-24,37
2026-02-24,39
2026-02-24,47
2026-02-24,13
2026-02-24,88
2026-02-24,37
2026-02-24,115
2026-02-24,61
2026-02-24,NA
2026-02-24,18
2026-02-24,84
2026-02-24,46
2026-02-24,12
2026-02-24,1
2026-02-24,45
2026-02-24,1
2026-02-24,30
2026-02-24,37
2026-02-24,30
2026-02-24,2
2026-02-24,2
2026-02-24,8
2026-02-24,47
2026-02-24,10
2026-02-24,11
2026-02-24,9
2026-02-24,14
2026-02-24,15
2026-02-24,21
2026-02-24,6
2026-02-24,29
2026-02-24,38
2026-02-24,30
2026-02-24,71
2026-02-24,50
2026-02-24,NA
2026-02-24,29
2026-02-24,NA
2026-02-24,NA
2026-02-24,90
2026-02-24,NA
2026-02-24,86
2026-02-24,NA
2026-02-24,78
2026-02-24,46
2026-02-24,NA
2026-02-24,283
2026-02-24,NA
2026-02-24,52
2026-02-24,45
2026-02-24,37
2026-02-24,71
2026-02-24,65
2026-02-24,NA
2026-02-24,33
2026-02-24,45
2026-02-24,12
2026-02-24,NA
2026-02-24,40
2026-02-24,22
2026-02-24,31
2026-02-24,31
2026-02-24,43
2026-02-24,28
2026-02-24,32
2026-02-24,19
2026-02-24,10
2026-02-24,31
2026-02-25,NA
2026-02-25,NA
2026-02-25,6
2026-02-25,8
2026-02-25,NA
2026-02-25,NA
2026-02-25,NA
2026-02-25,10
2026-02-25,15
2026-02-25,NA
2026-02-25,NA
2026-02-25,42
2026-02-25,2
2026-02-25,30
2026-02-25,22
2026-02-25,10
2026-02-25,NA
2026-02-25,NA
2026-02-25,68
2026-02-25,NA
2026-02-25,NA
2026-02-25,NA
2026-02-25,3
2026-02-25,66
2026-02-25,47
2026-02-25,53
2026-02-25,101
2026-02-25,NA
2026-02-25,NA
2026-02-25,NA
2026-02-25,92
2026-02-25,62
2026-02-25,1
2026-02-25,64
2026-02-25,121
2026-02-25,16
2026-02-25,102
2026-02-25,32
2026-02-25,NA
2026-02-25,NA
2026-02-25,NA
2026-02-25,NA
2026-02-25,NA
2026-02-25,NA
2026-02-25,85
2026-02-25,28
2026-02-25,2
2026-02-25,64
2026-02-25,1
2026-02-25,10
2026-02-25,94
2026-02-25,9
2026-02-25,30
2026-02-25,28
2026-02-25,78
2026-02-25,50
2026-02-25,62
2026-02-25,14
2026-02-25,45
2026-02-25,75
2026-02-25,46
2026-02-25,49
2026-02-25,40
2026-02-25,33
2026-02-25,5
2026-02-25,10
2026-02-25,37
2026-02-25,24
2026-02-25,43
2026-02-25,36
2026-02-25,69
2026-02-25,NA
2026-02-25,60
2026-02-25,21
2026-02-25,1
2026-02-25,18
2026-02-25,4
2026-02-25,26
2026-02-25,21
2026-02-25,35
2026-02-25,5
2026-02-25,21
2026-02-25,NA
2026-02-25,61
2026-02-25,48
2026-02-25,23
2026-02-25,34
2026-02-25,39
2026-02-25,47
2026-02-25,13
2026-02-25,87
2026-02-25,35
2026-02-25,115
2026-02-25,57
2026-02-25,NA
2026-02-25,19
2026-02-25,84
2026-02-25,48
2026-02-25,12
2026-02-25,1
2026-02-25,45
2026-02-25,1
2026-02-25,29
2026-02-25,37
2026-02-25,30
2026-02-25,1
2026-02-25,6
2026-02-25,5
2026-02-25,49
2026-02-25,9
2026-02-25,12
2026-02-25,9
2026-02-25,14
2026-02-25,15
2026-02-25,21
2026-02-25,6
2026-02-25,29
2026-02-25,39
2026-02-25,30
2026-02-25,72
2026-02-25,50
2026-02-25,NA
2026-02-25,29
2026-02-25,NA
2026-02-25,NA
2026-02-25,90
2026-02-25,NA
2026-02-25,86
2026-02-25,NA
2026-02-25,78
2026-02-25,45
2026-02-25,NA
2026-02-25,283
2026-02-25,NA
2026-02-25,52
2026-02-25,45
2026-02-25,36
2026-02-25,71
2026-02-25,65
2026-02-25,NA
2026-02-25,32
2026-02-25,45
2026-02-25,12
2026-02-25,NA
2026-02-25,40
2026-02-25,22
2026-02-25,31
2026-02-25,31
2026-02-25,43
2026-02-25,27
2026-02-25,33
2026-02-25,19
2026-02-25,10
2026-02-25,31
2026-02-26,NA
2026-02-26,NA
2026-02-26,6
2026-02-26,8
2026-02-26,NA
2026-02-26,NA
2026-02-26,NA
2026-02-26,10
2026-02-26,15
2026-02-26,NA
2026-02-26,NA
2026-02-26,42
2026-02-26,29
2026-02-26,22
2026-02-26,10
2026-02-26,NA
2026-02-26,NA
2026-02-26,68
2026-02-26,NA
2026-02-26,NA
2026-02-26,NA
2026-02-26,66
2026-02-26,47
2026-02-26,53
2026-02-26,101
2026-02-26,NA
2026-02-26,NA
2026-02-26,NA
2026-02-26,92
2026-02-26,62
2026-02-26,1
2026-02-26,63
2026-02-26,122
2026-02-26,16
2026-02-26,102
2026-02-26,34
2026-02-26,NA
2026-02-26,NA
2026-02-26,NA
2026-02-26,NA
2026-02-26,NA
2026-02-26,NA
2026-02-26,85
2026-02-26,28
2026-02-26,2
2026-02-26,63
2026-02-26,1
2026-02-26,10
2026-02-26,92
2026-02-26,9
2026-02-26,29
2026-02-26,28
2026-02-26,77
2026-02-26,50
2026-02-26,60
2026-02-26,14
2026-02-26,44
2026-02-26,75
2026-02-26,45
2026-02-26,50
2026-02-26,40
2026-02-26,33
2026-02-26,5
2026-02-26,10
2026-02-26,37
2026-02-26,24
2026-02-26,42
2026-02-26,36
2026-02-26,69
2026-02-26,NA
2026-02-26,58
2026-02-26,21
2026-02-26,1
2026-02-26,18
2026-02-26,4
2026-02-26,26
2026-02-26,21
2026-02-26,35
2026-02-26,5
2026-02-26,21
2026-02-26,NA
2026-02-26,60
2026-02-26,46
2026-02-26,22
2026-02-26,33
2026-02-26,39
2026-02-26,46
2026-02-26,12
2026-02-26,86
2026-02-26,37
2026-02-26,115
2026-02-26,57
2026-02-26,NA
2026-02-26,19
2026-02-26,85
2026-02-26,48
2026-02-26,12
2026-02-26,1
2026-02-26,44
2026-02-26,30
2026-02-26,38
2026-02-26,30
2026-02-26,6
2026-02-26,5
2026-02-26,45
2026-02-26,7
2026-02-26,13
2026-02-26,9
2026-02-26,13
2026-02-26,15
2026-02-26,21
2026-02-26,6
2026-02-26,29
2026-02-26,39
2026-02-26,30
2026-02-26,71
2026-02-26,50
2026-02-26,NA
2026-02-26,29
2026-02-26,NA
2026-02-26,NA
2026-02-26,89
2026-02-26,NA
2026-02-26,86
2026-02-26,NA
2026-02-26,78
2026-02-26,45
2026-02-26,NA
2026-02-26,283
2026-02-26,NA
2026-02-26,52
2026-02-26,46
2026-02-26,37
2026-02-26,71
2026-02-26,65
2026-02-26,NA
2026-02-26,33
2026-02-26,45
2026-02-26,12
2026-02-26,NA
2026-02-26,40
2026-02-26,22
2026-02-26,31
2026-02-26,31
2026-02-26,43
2026-02-26,28
2026-02-26,33
2026-02-26,19
2026-02-26,10
2026-02-26,31
2026-02-27,NA
2026-02-27,NA
2026-02-27,6
2026-02-27,8
2026-02-27,NA
2026-02-27,NA
2026-02-27,NA
2026-02-27,10
2026-02-27,15
2026-02-27,NA
2026-02-27,NA
2026-02-27,42
2026-02-27,30
2026-02-27,21
2026-02-27,10
2026-02-27,NA
2026-02-27,NA
2026-02-27,67
2026-02-27,NA
2026-02-27,NA
2026-02-27,NA
2026-02-27,66
2026-02-27,47
2026-02-27,53
2026-02-27,101
2026-02-27,NA
2026-02-27,NA
2026-02-27,NA
2026-02-27,92
2026-02-27,62
2026-02-27,63
2026-02-27,120
2026-02-27,17
2026-02-27,102
2026-02-27,34
2026-02-27,NA
2026-02-27,NA
2026-02-27,NA
2026-02-27,NA
2026-02-27,NA
2026-02-27,NA
2026-02-27,85
2026-02-27,28
2026-02-27,2
2026-02-27,63
2026-02-27,1
2026-02-27,10
2026-02-27,94
2026-02-27,9
2026-02-27,29
2026-02-27,28
2026-02-27,77
2026-02-27,50
2026-02-27,62
2026-02-27,13
2026-02-27,44
2026-02-27,75
2026-02-27,46
2026-02-27,49
2026-02-27,40
2026-02-27,33
2026-02-27,5
2026-02-27,10
2026-02-27,37
2026-02-27,24
2026-02-27,42
2026-02-27,36
2026-02-27,69
2026-02-27,NA
2026-02-27,57
2026-02-27,21
2026-02-27,1
2026-02-27,18
2026-02-27,4
2026-02-27,25
2026-02-27,22
2026-02-27,35
2026-02-27,5
2026-02-27,21
2026-02-27,NA
2026-02-27,61
2026-02-27,46
2026-02-27,22
2026-02-27,33
2026-02-27,39
2026-02-27,47
2026-02-27,13
2026-02-27,87
2026-02-27,37
2026-02-27,112
2026-02-27,53
2026-02-27,NA
2026-02-27,19
2026-02-27,84
2026-02-27,49
2026-02-27,8
2026-02-27,1
2026-02-27,44
2026-02-27,30
2026-02-27,39
2026-02-27,30
2026-02-27,6
2026-02-27,5
2026-02-27,44
2026-02-27,7
2026-02-27,13
2026-02-27,9
2026-02-27,14
2026-02-27,15
2026-02-27,21
2026-02-27,5
2026-02-27,29
2026-02-27,39
2026-02-27,30
2026-02-27,72
2026-02-27,50
2026-02-27,NA
2026-02-27,29
2026-02-27,NA
2026-02-27,NA
2026-02-27,89
2026-02-27,NA
2026-02-27,85
2026-02-27,NA
2026-02-27,78
2026-02-27,43
2026-02-27,NA
2026-02-27,283
2026-02-27,NA
2026-02-27,51
2026-02-27,46
2026-02-27,37
2026-02-27,71
2026-02-27,65
2026-02-27,NA
2026-02-27,33
2026-02-27,45
2026-02-27,12
2026-02-27,NA
2026-02-27,40
2026-02-27,22
2026-02-27,31
2026-02-27,31
2026-02-27,43
2026-02-27,28
2026-02-27,32
2026-02-27,19
2026-02-27,10
2026-02-27,31
2026-02-28,NA
2026-02-28,NA
2026-02-28,6
2026-02-28,8
2026-02-28,NA
2026-02-28,NA
2026-02-28,NA
2026-02-28,10
2026-02-28,15
2026-02-28,NA
2026-02-28,NA
2026-02-28,42
2026-02-28,30
2026-02-28,21
2026-02-28,10
2026-02-28,NA
2026-02-28,NA
2026-02-28,66
2026-02-28,NA
2026-02-28,NA
2026-02-28,NA
2026-02-28,64
2026-02-28,48
2026-02-28,52
2026-02-28,100
2026-02-28,NA
2026-02-28,NA
2026-02-28,NA
2026-02-28,93
2026-02-28,62
2026-02-28,63
2026-02-28,122
2026-02-28,17
2026-02-28,102
2026-02-28,34
2026-02-28,NA
2026-02-28,NA
2026-02-28,NA
2026-02-28,NA
2026-02-28,NA
2026-02-28,NA
2026-02-28,85
2026-02-28,28
2026-02-28,2
2026-02-28,63
2026-02-28,1
2026-02-28,10
2026-02-28,94
2026-02-28,9
2026-02-28,30
2026-02-28,28
2026-02-28,77
2026-02-28,50
2026-02-28,62
2026-02-28,11
2026-02-28,41
2026-02-28,74
2026-02-28,46
2026-02-28,49
2026-02-28,40
2026-02-28,33
2026-02-28,5
2026-02-28,10
2026-02-28,37
2026-02-28,24
2026-02-28,43
2026-02-28,36
2026-02-28,67
2026-02-28,NA
2026-02-28,57
2026-02-28,21
2026-02-28,1
2026-02-28,18
2026-02-28,4
2026-02-28,25
2026-02-28,17
2026-02-28,35
2026-02-28,5
2026-02-28,21
2026-02-28,NA
2026-02-28,61
2026-02-28,46
2026-02-28,22
2026-02-28,33
2026-02-28,39
2026-02-28,47
2026-02-28,13
2026-02-28,87
2026-02-28,36
2026-02-28,112
2026-02-28,50
2026-02-28,NA
2026-02-28,19
2026-02-28,85
2026-02-28,49
2026-02-28,7
2026-02-28,1
2026-02-28,45
2026-02-28,30
2026-02-28,39
2026-02-28,30
2026-02-28,6
2026-02-28,5
2026-02-28,45
2026-02-28,7
2026-02-28,13
2026-02-28,9
2026-02-28,14
2026-02-28,15
2026-02-28,21
2026-02-28,6
2026-02-28,29
2026-02-28,39
2026-02-28,30
2026-02-28,72
2026-02-28,50
2026-02-28,NA
2026-02-28,29
2026-02-28,NA
2026-02-28,NA
2026-02-28,88
2026-02-28,NA
2026-02-28,86
2026-02-28,NA
2026-02-28,78
2026-02-28,43
2026-02-28,NA
2026-02-28,283
2026-02-28,NA
2026-02-28,52
2026-02-28,46
2026-02-28,37
2026-02-28,71
2026-02-28,65
2026-02-28,NA
2026-02-28,33
2026-02-28,45
2026-02-28,12
2026-02-28,NA
2026-02-28,40
2026-02-28,22
2026-02-28,31
2026-02-28,31
2026-02-28,43
2026-02-28,27
2026-02-28,33
2026-02-28,19
2026-02-28,9
2026-02-28,31
2026-03-01,NA
2026-03-01,NA
2026-03-01,6
2026-03-01,7
2026-03-01,NA
2026-03-01,NA
2026-03-01,NA
2026-03-01,10
2026-03-01,15
2026-03-01,NA
2026-03-01,NA
2026-03-01,42
2026-03-01,2
2026-03-01,29
2026-03-01,22
2026-03-01,10
2026-03-01,NA
2026-03-01,NA
2026-03-01,17
2026-03-01,68
2026-03-01,NA
2026-03-01,NA
2026-03-01,NA
2026-03-01,9
2026-03-01,64
2026-03-01,46
2026-03-01,51
2026-03-01,101
2026-03-01,1
2026-03-01,NA
2026-03-01,NA
2026-03-01,NA
2026-03-01,93
2026-03-01,62
2026-03-01,2
2026-03-01,63
2026-03-01,122
2026-03-01,17
2026-03-01,102
2026-03-01,34
2026-03-01,2
2026-03-01,NA
2026-03-01,NA
2026-03-01,NA
2026-03-01,NA
2026-03-01,NA
2026-03-01,NA
2026-03-01,3
2026-03-01,85
2026-03-01,28
2026-03-01,2
2026-03-01,63
2026-03-01,1
2026-03-01,10
2026-03-01,94
2026-03-01,9
2026-03-01,30
2026-03-01,28
2026-03-01,77
2026-03-01,50
2026-03-01,62
2026-03-01,10
2026-03-01,45
2026-03-01,75
2026-03-01,20
2026-03-01,46
2026-03-01,48
2026-03-01,40
2026-03-01,1
2026-03-01,33
2026-03-01,5
2026-03-01,10
2026-03-01,36
2026-03-01,24
2026-03-01,44
2026-03-01,36
2026-03-01,67
2026-03-01,NA
2026-03-01,57
2026-03-01,21
2026-03-01,1
2026-03-01,18
2026-03-01,4
2026-03-01,25
2026-03-01,16
2026-03-01,34
2026-03-01,5
2026-03-01,19
2026-03-01,NA
2026-03-01,60
2026-03-01,44
2026-03-01,22
2026-03-01,31
2026-03-01,39
2026-03-01,47
2026-03-01,13
2026-03-01,86
2026-03-01,38
2026-03-01,111
2026-03-01,47
2026-03-01,1
2026-03-01,1
2026-03-01,NA
2026-03-01,19
2026-03-01,84
2026-03-01,49
2026-03-01,7
2026-03-01,1
2026-03-01,45
2026-03-01,30
2026-03-01,39
2026-03-01,30
2026-03-01,1
2026-03-01,6
2026-03-01,5
2026-03-01,45
2026-03-01,6
2026-03-01,13
2026-03-01,9
2026-03-01,14
2026-03-01,15
2026-03-01,21
2026-03-01,6
2026-03-01,28
2026-03-01,39
2026-03-01,30
2026-03-01,69
2026-03-01,50
2026-03-01,NA
2026-03-01,29
2026-03-01,NA
2026-03-01,NA
2026-03-01,88
2026-03-01,NA
2026-03-01,86
2026-03-01,NA
2026-03-01,78
2026-03-01,43
2026-03-01,NA
2026-03-01,280
2026-03-01,NA
2026-03-01,51
2026-03-01,46
2026-03-01,37
2026-03-01,71
2026-03-01,65
2026-03-01,NA
2026-03-01,33
2026-03-01,45
2026-03-01,12
2026-03-01,NA
2026-03-01,40
2026-03-01,22
2026-03-01,31
2026-03-01,31
2026-03-01,43
2026-03-01,27
2026-03-01,33
2026-03-01,19
2026-03-01,10
2026-03-01,31
2026-03-02,NA
2026-03-02,NA
2026-03-02,6
2026-03-02,7
2026-03-02,NA
2026-03-02,NA
2026-03-02,NA
2026-03-02,10
2026-03-02,15
2026-03-02,NA
2026-03-02,NA
2026-03-02,42
2026-03-02,29
2026-03-02,22
2026-03-02,8
2026-03-02,NA
2026-03-02,NA
2026-03-02,68
2026-03-02,NA
2026-03-02,NA
2026-03-02,NA
2026-03-02,4
2026-03-02,65
2026-03-02,46
2026-03-02,53
2026-03-02,100
2026-03-02,NA
2026-03-02,NA
2026-03-02,NA
2026-03-02,93
2026-03-02,62
2026-03-02,62
2026-03-02,121
2026-03-02,17
2026-03-02,102
2026-03-02,34
2026-03-02,1
2026-03-02,NA
2026-03-02,NA
2026-03-02,NA
2026-03-02,NA
2026-03-02,NA
2026-03-02,NA
2026-03-02,1
2026-03-02,85
2026-03-02,28
2026-03-02,1
2026-03-02,62
2026-03-02,1
2026-03-02,10
2026-03-02,93
2026-03-02,9
2026-03-02,29
2026-03-02,28
2026-03-02,78
2026-03-02,49
2026-03-02,62
2026-03-02,10
2026-03-02,45
2026-03-02,75
2026-03-02,1
2026-03-02,46
2026-03-02,47
2026-03-02,40
2026-03-02,33
2026-03-02,5
2026-03-02,9
2026-03-02,36
2026-03-02,24
2026-03-02,45
2026-03-02,36
2026-03-02,69
2026-03-02,NA
2026-03-02,56
2026-03-02,11
2026-03-02,1
2026-03-02,20
2026-03-02,5
2026-03-02,25
2026-03-02,17
2026-03-02,35
2026-03-02,5
2026-03-02,19
2026-03-02,NA
2026-03-02,61
2026-03-02,44
2026-03-02,23
2026-03-02,31
2026-03-02,39
2026-03-02,46
2026-03-02,13
2026-03-02,85
2026-03-02,38
2026-03-02,110
2026-03-02,42
2026-03-02,1
2026-03-02,NA
2026-03-02,19
2026-03-02,85
2026-03-02,47
2026-03-02,6
2026-03-02,43
2026-03-02,30
2026-03-02,39
2026-03-02,30
2026-03-02,6
2026-03-02,5
2026-03-02,48
2026-03-02,7
2026-03-02,13
2026-03-02,11
2026-03-02,13
2026-03-02,14
2026-03-02,21
2026-03-02,4
2026-03-02,28
2026-03-02,39
2026-03-02,30
2026-03-02,72
2026-03-02,50
2026-03-02,NA
2026-03-02,27
2026-03-02,NA
2026-03-02,NA
2026-03-02,89
2026-03-02,NA
2026-03-02,85
2026-03-02,NA
2026-03-02,78
2026-03-02,45
2026-03-02,NA
2026-03-02,282
2026-03-02,NA
2026-03-02,52
2026-03-02,46
2026-03-02,37
2026-03-02,71
2026-03-02,65
2026-03-02,NA
2026-03-02,33
2026-03-02,45
2026-03-02,12
2026-03-02,NA
2026-03-02,40
2026-03-02,22
2026-03-02,31
2026-03-02,31
2026-03-02,43
2026-03-02,27
2026-03-02,33
2026-03-02,19
2026-03-02,9
2026-03-02,31
2026-03-03,NA
2026-03-03,NA
2026-03-03,6
2026-03-03,7
2026-03-03,NA
2026-03-03,NA
2026-03-03,NA
2026-03-03,10
2026-03-03,15
2026-03-03,NA
2026-03-03,NA
2026-03-03,42
2026-03-03,30
2026-03-03,13
2026-03-03,8
2026-03-03,NA
2026-03-03,NA
2026-03-03,66
2026-03-03,NA
2026-03-03,NA
2026-03-03,NA
2026-03-03,65
2026-03-03,46
2026-03-03,53
2026-03-03,100
2026-03-03,NA
2026-03-03,NA
2026-03-03,NA
2026-03-03,93
2026-03-03,62
2026-03-03,62
2026-03-03,120
2026-03-03,17
2026-03-03,102
2026-03-03,35
2026-03-03,NA
2026-03-03,NA
2026-03-03,NA
2026-03-03,NA
2026-03-03,NA
2026-03-03,NA
2026-03-03,87
2026-03-03,28
2026-03-03,62
2026-03-03,1
2026-03-03,10
2026-03-03,93
2026-03-03,9
2026-03-03,29
2026-03-03,28
2026-03-03,77
2026-03-03,50
2026-03-03,62
2026-03-03,9
2026-03-03,41
2026-03-03,72
2026-03-03,43
2026-03-03,47
2026-03-03,40
2026-03-03,32
2026-03-03,5
2026-03-03,9
2026-03-03,35
2026-03-03,24
2026-03-03,42
2026-03-03,36
2026-03-03,69
2026-03-03,NA
2026-03-03,59
2026-03-03,1
2026-03-03,21
2026-03-03,5
2026-03-03,25
2026-03-03,17
2026-03-03,35
2026-03-03,5
2026-03-03,21
2026-03-03,NA
2026-03-03,61
2026-03-03,44
2026-03-03,23
2026-03-03,31
2026-03-03,38
2026-03-03,47
2026-03-03,13
2026-03-03,87
2026-03-03,38
2026-03-03,106
2026-03-03,41
2026-03-03,NA
2026-03-03,19
2026-03-03,85
2026-03-03,47
2026-03-03,5
2026-03-03,42
2026-03-03,30
2026-03-03,40
2026-03-03,29
2026-03-03,2
2026-03-03,9
2026-03-03,47
2026-03-03,7
2026-03-03,13
2026-03-03,11
2026-03-03,13
2026-03-03,16
2026-03-03,21
2026-03-03,5
2026-03-03,29
2026-03-03,39
2026-03-03,30
2026-03-03,72
2026-03-03,50
2026-03-03,NA
2026-03-03,27
2026-03-03,NA
2026-03-03,NA
2026-03-03,89
2026-03-03,NA
2026-03-03,86
2026-03-03,NA
2026-03-03,78
2026-03-03,48
2026-03-03,NA
2026-03-03,283
2026-03-03,NA
2026-03-03,52
2026-03-03,46
2026-03-03,37
2026-03-03,71
2026-03-03,65
2026-03-03,NA
2026-03-03,33
2026-03-03,45
2026-03-03,12
2026-03-03,NA
2026-03-03,40
2026-03-03,22
2026-03-03,31
2026-03-03,31
2026-03-03,43
2026-03-03,28
2026-03-03,33
2026-03-03,20
2026-03-03,9
2026-03-03,31
2026-03-04,NA
2026-03-04,NA
2026-03-04,6
2026-03-04,7
2026-03-04,NA
2026-03-04,NA
2026-03-04,NA
2026-03-04,9
2026-03-04,15
2026-03-04,NA
2026-03-04,NA
2026-03-04,41
2026-03-04,30
2026-03-04,7
2026-03-04,8
2026-03-04,NA
2026-03-04,NA
2026-03-04,64
2026-03-04,NA
2026-03-04,NA
2026-03-04,NA
2026-03-04,65
2026-03-04,46
2026-03-04,52
2026-03-04,99
2026-03-04,NA
2026-03-04,NA
2026-03-04,NA
2026-03-04,93
2026-03-04,62
2026-03-04,61
2026-03-04,120
2026-03-04,17
2026-03-04,101
2026-03-04,34
2026-03-04,NA
2026-03-04,NA
2026-03-04,NA
2026-03-04,NA
2026-03-04,NA
2026-03-04,NA
2026-03-04,87
2026-03-04,28
2026-03-04,62
2026-03-04,2
2026-03-04,10
2026-03-04,94
2026-03-04,9
2026-03-04,27
2026-03-04,28
2026-03-04,76
2026-03-04,48
2026-03-04,60
2026-03-04,11
2026-03-04,39
2026-03-04,65
2026-03-04,36
2026-03-04,47
2026-03-04,40
2026-03-04,31
2026-03-04,5
2026-03-04,9
2026-03-04,37
2026-03-04,24
2026-03-04,42
2026-03-04,36
2026-03-04,69
2026-03-04,NA
2026-03-04,61
2026-03-04,1
2026-03-04,22
2026-03-04,5
2026-03-04,24
2026-03-04,18
2026-03-04,35
2026-03-04,5
2026-03-04,19
2026-03-04,NA
2026-03-04,61
2026-03-04,42
2026-03-04,23
2026-03-04,31
2026-03-04,38
2026-03-04,47
2026-03-04,13
2026-03-04,88
2026-03-04,38
2026-03-04,103
2026-03-04,39
2026-03-04,NA
2026-03-04,19
2026-03-04,85
2026-03-04,49
2026-03-04,41
2026-03-04,30
2026-03-04,40
2026-03-04,30
2026-03-04,2
2026-03-04,9
2026-03-04,45
2026-03-04,8
2026-03-04,12
2026-03-04,9
2026-03-04,13
2026-03-04,16
2026-03-04,21
2026-03-04,4
2026-03-04,29
2026-03-04,39
2026-03-04,30
2026-03-04,71
2026-03-04,50
2026-03-04,NA
2026-03-04,27
2026-03-04,NA
2026-03-04,NA
2026-03-04,89
2026-03-04,NA
2026-03-04,86
2026-03-04,NA
2026-03-04,78
2026-03-04,48
2026-03-04,NA
2026-03-04,283
2026-03-04,NA
2026-03-04,52
2026-03-04,46
2026-03-04,37
2026-03-04,71
2026-03-04,65
2026-03-04,NA
2026-03-04,34
2026-03-04,45
2026-03-04,12
2026-03-04,NA
2026-03-04,40
2026-03-04,22
2026-03-04,31
2026-03-04,31
2026-03-04,43
2026-03-04,28
2026-03-04,33
2026-03-04,20
2026-03-04,9
2026-03-04,31
2026-03-05,NA
2026-03-05,NA
2026-03-05,8
2026-03-05,8
2026-03-05,NA
2026-03-05,NA
2026-03-05,NA
2026-03-05,9
2026-03-05,15
2026-03-05,NA
2026-03-05,NA
2026-03-05,42
2026-03-05,30
2026-03-05,8
2026-03-05,NA
2026-03-05,NA
2026-03-05,53
2026-03-05,NA
2026-03-05,NA
2026-03-05,NA
2026-03-05,65
2026-03-05,46
2026-03-05,53
2026-03-05,101
2026-03-05,NA
2026-03-05,NA
2026-03-05,NA
2026-03-05,92
2026-03-05,62
2026-03-05,61
2026-03-05,120
2026-03-05,17
2026-03-05,102
2026-03-05,32
2026-03-05,NA
2026-03-05,NA
2026-03-05,NA
2026-03-05,NA
2026-03-05,NA
2026-03-05,NA
2026-03-05,86
2026-03-05,28
2026-03-05,62
2026-03-05,2
2026-03-05,10
2026-03-05,93
2026-03-05,9
2026-03-05,30
2026-03-05,28
2026-03-05,78
2026-03-05,49
2026-03-05,62
2026-03-05,11
2026-03-05,33
2026-03-05,63
2026-03-05,16
2026-03-05,47
2026-03-05,40
2026-03-05,33
2026-03-05,5
2026-03-05,8
2026-03-05,37
2026-03-05,24
2026-03-05,40
2026-03-05,36
2026-03-05,68
2026-03-05,NA
2026-03-05,66
2026-03-05,22
2026-03-05,5
2026-03-05,24
2026-03-05,18
2026-03-05,35
2026-03-05,5
2026-03-05,20
2026-03-05,NA
2026-03-05,61
2026-03-05,42
2026-03-05,23
2026-03-05,31
2026-03-05,34
2026-03-05,47
2026-03-05,13
2026-03-05,88
2026-03-05,38
2026-03-05,97
2026-03-05,35
2026-03-05,NA
2026-03-05,18
2026-03-05,85
2026-03-05,49
2026-03-05,42
2026-03-05,30
2026-03-05,40
2026-03-05,30
2026-03-05,2
2026-03-05,9
2026-03-05,48
2026-03-05,8
2026-03-05,12
2026-03-05,9
2026-03-05,13
2026-03-05,16
2026-03-05,21
2026-03-05,6
2026-03-05,29
2026-03-05,39
2026-03-05,30
2026-03-05,72
2026-03-05,50
2026-03-05,NA
2026-03-05,27
2026-03-05,NA
2026-03-05,NA
2026-03-05,94
2026-03-05,NA
2026-03-05,85
2026-03-05,NA
2026-03-05,78
2026-03-05,48
2026-03-05,NA
2026-03-05,282
2026-03-05,NA
2026-03-05,51
2026-03-05,46
2026-03-05,37
2026-03-05,71
2026-03-05,65
2026-03-05,NA
2026-03-05,34
2026-03-05,45
2026-03-05,12
2026-03-05,NA
2026-03-05,40
2026-03-05,22
2026-03-05,31
2026-03-05,31
2026-03-05,43
2026-03-05,28
2026-03-05,33
2026-03-05,20
2026-03-05,10
2026-03-05,31
2026-03-06,NA
2026-03-06,NA
2026-03-06,8
2026-03-06,8
2026-03-06,NA
2026-03-06,NA
2026-03-06,NA
2026-03-06,9
2026-03-06,15
2026-03-06,NA
2026-03-06,NA
2026-03-06,42
2026-03-06,30
2026-03-06,8
2026-03-06,NA
2026-03-06,NA
2026-03-06,53
2026-03-06,NA
2026-03-06,NA
2026-03-06,NA
2026-03-06,65
2026-03-06,46
2026-03-06,53
2026-03-06,101
2026-03-06,NA
2026-03-06,NA
2026-03-06,NA
2026-03-06,93
2026-03-06,62
2026-03-06,60
2026-03-06,120
2026-03-06,19
2026-03-06,102
2026-03-06,34
2026-03-06,NA
2026-03-06,NA
2026-03-06,NA
2026-03-06,NA
2026-03-06,NA
2026-03-06,NA
2026-03-06,87
2026-03-06,28
2026-03-06,63
2026-03-06,2
2026-03-06,10
2026-03-06,94
2026-03-06,9
2026-03-06,29
2026-03-06,28
2026-03-06,78
2026-03-06,49
2026-03-06,61
2026-03-06,12
2026-03-06,26
2026-03-06,59
2026-03-06,47
2026-03-06,40
2026-03-06,33
2026-03-06,5
2026-03-06,8
2026-03-06,37
2026-03-06,24
2026-03-06,39
2026-03-06,36
2026-03-06,68
2026-03-06,NA
2026-03-06,64
2026-03-06,22
2026-03-06,5
2026-03-06,24
2026-03-06,18
2026-03-06,35
2026-03-06,5
2026-03-06,21
2026-03-06,NA
2026-03-06,61
2026-03-06,46
2026-03-06,23
2026-03-06,31
2026-03-06,37
2026-03-06,47
2026-03-06,13
2026-03-06,88
2026-03-06,37
2026-03-06,97
2026-03-06,32
2026-03-06,NA
2026-03-06,18
2026-03-06,85
2026-03-06,49
2026-03-06,43
2026-03-06,30
2026-03-06,39
2026-03-06,30
2026-03-06,2
2026-03-06,9
2026-03-06,48
2026-03-06,8
2026-03-06,12
2026-03-06,9
2026-03-06,14
2026-03-06,15
2026-03-06,21
2026-03-06,6
2026-03-06,29
2026-03-06,39
2026-03-06,30
2026-03-06,72
2026-03-06,50
2026-03-06,NA
2026-03-06,27
2026-03-06,NA
2026-03-06,NA
2026-03-06,94
2026-03-06,NA
2026-03-06,85
2026-03-06,NA
2026-03-06,78
2026-03-06,47
2026-03-06,NA
2026-03-06,283
2026-03-06,NA
2026-03-06,52
2026-03-06,46
2026-03-06,37
2026-03-06,71
2026-03-06,65
2026-03-06,NA
2026-03-06,34
2026-03-06,45
2026-03-06,12
2026-03-06,NA
2026-03-06,40
2026-03-06,22
2026-03-06,31
2026-03-06,31
2026-03-06,43
2026-03-06,28
2026-03-06,33
2026-03-06,20
2026-03-06,10
2026-03-06,31
2026-03-07,NA
2026-03-07,NA
2026-03-07,8
2026-03-07,8
2026-03-07,NA
2026-03-07,NA
2026-03-07,NA
2026-03-07,9
2026-03-07,15
2026-03-07,NA
2026-03-07,NA
2026-03-07,42
2026-03-07,30
2026-03-07,8
2026-03-07,NA
2026-03-07,NA
2026-03-07,51
2026-03-07,NA
2026-03-07,NA
2026-03-07,NA
2026-03-07,65
2026-03-07,46
2026-03-07,53
2026-03-07,101
2026-03-07,NA
2026-03-07,NA
2026-03-07,NA
2026-03-07,93
2026-03-07,62
2026-03-07,60
2026-03-07,120
2026-03-07,19
2026-03-07,102
2026-03-07,34
2026-03-07,NA
2026-03-07,NA
2026-03-07,NA
2026-03-07,NA
2026-03-07,NA
2026-03-07,NA
2026-03-07,85
2026-03-07,28
2026-03-07,62
2026-03-07,2
2026-03-07,10
2026-03-07,94
2026-03-07,9
2026-03-07,30
2026-03-07,28
2026-03-07,78
2026-03-07,49
2026-03-07,61
2026-03-07,12
2026-03-07,18
2026-03-07,54
2026-03-07,48
2026-03-07,36
2026-03-07,33
2026-03-07,5
2026-03-07,8
2026-03-07,37
2026-03-07,24
2026-03-07,43
2026-03-07,36
2026-03-07,69
2026-03-07,NA
2026-03-07,68
2026-03-07,22
2026-03-07,5
2026-03-07,24
2026-03-07,18
2026-03-07,35
2026-03-07,5
2026-03-07,20
2026-03-07,NA
2026-03-07,61
2026-03-07,46
2026-03-07,23
2026-03-07,31
2026-03-07,37
2026-03-07,47
2026-03-07,13
2026-03-07,87
2026-03-07,37
2026-03-07,94
2026-03-07,31
2026-03-07,NA
2026-03-07,18
2026-03-07,84
2026-03-07,49
2026-03-07,45
2026-03-07,30
2026-03-07,39
2026-03-07,30
2026-03-07,2
2026-03-07,9
2026-03-07,49
2026-03-07,7
2026-03-07,12
2026-03-07,9
2026-03-07,14
2026-03-07,15
2026-03-07,21
2026-03-07,6
2026-03-07,29
2026-03-07,39
2026-03-07,30
2026-03-07,72
2026-03-07,50
2026-03-07,NA
2026-03-07,27
2026-03-07,NA
2026-03-07,NA
2026-03-07,94
2026-03-07,NA
2026-03-07,86
2026-03-07,NA
2026-03-07,78
2026-03-07,47
2026-03-07,NA
2026-03-07,283
2026-03-07,NA
2026-03-07,51
2026-03-07,46
2026-03-07,37
2026-03-07,71
2026-03-07,65
2026-03-07,NA
2026-03-07,35
2026-03-07,45
2026-03-07,12
2026-03-07,NA
2026-03-07,40
2026-03-07,22
2026-03-07,31
2026-03-07,31
2026-03-07,43
2026-03-07,29
2026-03-07,32
2026-03-07,20
2026-03-07,10
2026-03-07,32
2026-03-08,NA
2026-03-08,NA
2026-03-08,8
2026-03-08,6
2026-03-08,NA
2026-03-08,NA
2026-03-08,NA
2026-03-08,9
2026-03-08,15
2026-03-08,NA
2026-03-08,NA
2026-03-08,42
2026-03-08,30
2026-03-08,8
2026-03-08,NA
2026-03-08,NA
2026-03-08,49
2026-03-08,NA
2026-03-08,NA
2026-03-08,NA
2026-03-08,65
2026-03-08,46
2026-03-08,53
2026-03-08,101
2026-03-08,NA
2026-03-08,NA
2026-03-08,NA
2026-03-08,93
2026-03-08,62
2026-03-08,60
2026-03-08,120
2026-03-08,19
2026-03-08,102
2026-03-08,34
2026-03-08,NA
2026-03-08,NA
2026-03-08,NA
2026-03-08,NA
2026-03-08,NA
2026-03-08,NA
2026-03-08,86
2026-03-08,28
2026-03-08,62
2026-03-08,2
2026-03-08,10
2026-03-08,94
2026-03-08,9
2026-03-08,30
2026-03-08,28
2026-03-08,77
2026-03-08,49
2026-03-08,62
2026-03-08,12
2026-03-08,11
2026-03-08,48
2026-03-08,48
2026-03-08,39
2026-03-08,31
2026-03-08,5
2026-03-08,8
2026-03-08,37
2026-03-08,24
2026-03-08,43
2026-03-08,36
2026-03-08,69
2026-03-08,NA
2026-03-08,64
2026-03-08,22
2026-03-08,5
2026-03-08,24
2026-03-08,18
2026-03-08,35
2026-03-08,5
2026-03-08,21
2026-03-08,NA
2026-03-08,61
2026-03-08,46
2026-03-08,23
2026-03-08,31
2026-03-08,37
2026-03-08,47
2026-03-08,13
2026-03-08,88
2026-03-08,37
2026-03-08,94
2026-03-08,30
2026-03-08,NA
2026-03-08,18
2026-03-08,84
2026-03-08,49
2026-03-08,43
2026-03-08,30
2026-03-08,39
2026-03-08,30
2026-03-08,2
2026-03-08,9
2026-03-08,48
2026-03-08,7
2026-03-08,12
2026-03-08,9
2026-03-08,14
2026-03-08,15
2026-03-08,21
2026-03-08,6
2026-03-08,29
2026-03-08,39
2026-03-08,30
2026-03-08,72
2026-03-08,50
2026-03-08,NA
2026-03-08,27
2026-03-08,NA
2026-03-08,NA
2026-03-08,94
2026-03-08,NA
2026-03-08,86
2026-03-08,NA
2026-03-08,78
2026-03-08,46
2026-03-08,NA
2026-03-08,283
2026-03-08,NA
2026-03-08,52
2026-03-08,46
2026-03-08,37
2026-03-08,71
2026-03-08,65
2026-03-08,NA
2026-03-08,35
2026-03-08,45
2026-03-08,12
2026-03-08,NA
2026-03-08,40
2026-03-08,22
2026-03-08,31
2026-03-08,31
2026-03-08,43
2026-03-08,29
2026-03-08,33
2026-03-08,20
2026-03-08,9
2026-03-08,32
2026-03-09,NA
2026-03-09,NA
2026-03-09,8
2026-03-09,6
2026-03-09,NA
2026-03-09,NA
2026-03-09,NA
2026-03-09,9
2026-03-09,15
2026-03-09,NA
2026-03-09,NA
2026-03-09,42
2026-03-09,30
2026-03-09,8
2026-03-09,NA
2026-03-09,NA
2026-03-09,48
2026-03-09,NA
2026-03-09,NA
2026-03-09,NA
2026-03-09,66
2026-03-09,46
2026-03-09,53
2026-03-09,101
2026-03-09,NA
2026-03-09,NA
2026-03-09,NA
2026-03-09,93
2026-03-09,62
2026-03-09,60
2026-03-09,120
2026-03-09,19
2026-03-09,102
2026-03-09,35
2026-03-09,NA
2026-03-09,NA
2026-03-09,NA
2026-03-09,NA
2026-03-09,NA
2026-03-09,NA
2026-03-09,86
2026-03-09,28
2026-03-09,62
2026-03-09,2
2026-03-09,10
2026-03-09,94
2026-03-09,9
2026-03-09,30
2026-03-09,27
2026-03-09,77
2026-03-09,49
2026-03-09,60
2026-03-09,13
2026-03-09,40
2026-03-09,49
2026-03-09,39
2026-03-09,32
2026-03-09,5
2026-03-09,8
2026-03-09,37
2026-03-09,24
2026-03-09,44
2026-03-09,36
2026-03-09,68
2026-03-09,NA
2026-03-09,65
2026-03-09,22
2026-03-09,5
2026-03-09,24
2026-03-09,21
2026-03-09,35
2026-03-09,5
2026-03-09,21
2026-03-09,NA
2026-03-09,59
2026-03-09,49
2026-03-09,23
2026-03-09,32
2026-03-09,38
2026-03-09,46
2026-03-09,13
2026-03-09,86
2026-03-09,35
2026-03-09,93
2026-03-09,29
2026-03-09,NA
2026-03-09,18
2026-03-09,84
2026-03-09,49
2026-03-09,42
2026-03-09,30
2026-03-09,39
2026-03-09,30
2026-03-09,2
2026-03-09,9
2026-03-09,50
2026-03-09,7
2026-03-09,12
2026-03-09,6
2026-03-09,14
2026-03-09,15
2026-03-09,21
2026-03-09,6
2026-03-09,29
2026-03-09,38
2026-03-09,30
2026-03-09,72
2026-03-09,50
2026-03-09,NA
2026-03-09,26
2026-03-09,NA
2026-03-09,NA
2026-03-09,94
2026-03-09,NA
2026-03-09,86
2026-03-09,NA
2026-03-09,78
2026-03-09,44
2026-03-09,NA
2026-03-09,283
2026-03-09,NA
2026-03-09,52
2026-03-09,46
2026-03-09,37
2026-03-09,71
2026-03-09,65
2026-03-09,NA
2026-03-09,34
2026-03-09,45
2026-03-09,11
2026-03-09,NA
2026-03-09,40
2026-03-09,22
2026-03-09,31
2026-03-09,31
2026-03-09,42
2026-03-09,28
2026-03-09,33
2026-03-09,20
2026-03-09,9
2026-03-09,32
2026-03-10,NA
2026-03-10,NA
2026-03-10,8
2026-03-10,6
2026-03-10,NA
2026-03-10,NA
2026-03-10,NA
2026-03-10,8
2026-03-10,13
2026-03-10,NA
2026-03-10,NA
2026-03-10,42
2026-03-10,30
2026-03-10,8
2026-03-10,NA
2026-03-10,NA
2026-03-10,46
2026-03-10,NA
2026-03-10,NA
2026-03-10,NA
2026-03-10,66
2026-03-10,46
2026-03-10,53
2026-03-10,101
2026-03-10,NA
2026-03-10,NA
2026-03-10,NA
2026-03-10,93
2026-03-10,62
2026-03-10,60
2026-03-10,120
2026-03-10,19
2026-03-10,102
2026-03-10,35
2026-03-10,NA
2026-03-10,NA
2026-03-10,NA
2026-03-10,NA
2026-03-10,NA
2026-03-10,NA
2026-03-10,84
2026-03-10,28
2026-03-10,61
2026-03-10,2
2026-03-10,10
2026-03-10,94
2026-03-10,9
2026-03-10,30
2026-03-10,27
2026-03-10,78
2026-03-10,50
2026-03-10,60
2026-03-10,14
2026-03-10,21
2026-03-10,49
2026-03-10,39
2026-03-10,32
2026-03-10,5
2026-03-10,8
2026-03-10,37
2026-03-10,24
2026-03-10,43
2026-03-10,36
2026-03-10,69
2026-03-10,NA
2026-03-10,67
2026-03-10,22
2026-03-10,5
2026-03-10,24
2026-03-10,22
2026-03-10,35
2026-03-10,5
2026-03-10,21
2026-03-10,NA
2026-03-10,60
2026-03-10,48
2026-03-10,23
2026-03-10,34
2026-03-10,39
2026-03-10,46
2026-03-10,11
2026-03-10,87
2026-03-10,34
2026-03-10,93
2026-03-10,23
2026-03-10,NA
2026-03-10,18
2026-03-10,83
2026-03-10,49
2026-03-10,45
2026-03-10,30
2026-03-10,39
2026-03-10,30
2026-03-10,2
2026-03-10,9
2026-03-10,49
2026-03-10,7
2026-03-10,12
2026-03-10,6
2026-03-10,13
2026-03-10,15
2026-03-10,21
2026-03-10,6
2026-03-10,29
2026-03-10,36
2026-03-10,30
2026-03-10,72
2026-03-10,50
2026-03-10,NA
2026-03-10,29
2026-03-10,NA
2026-03-10,NA
2026-03-10,94
2026-03-10,NA
2026-03-10,84
2026-03-10,NA
2026-03-10,78
2026-03-10,44
2026-03-10,NA
2026-03-10,283
2026-03-10,NA
2026-03-10,52
2026-03-10,46
2026-03-10,37
2026-03-10,71
2026-03-10,65
2026-03-10,NA
2026-03-10,33
2026-03-10,45
2026-03-10,11
2026-03-10,NA
2026-03-10,40
2026-03-10,23
2026-03-10,31
2026-03-10,31
2026-03-10,42
2026-03-10,28
2026-03-10,33
2026-03-10,20
2026-03-10,8
2026-03-10,32
2026-03-11,NA
2026-03-11,NA
2026-03-11,8
2026-03-11,6
2026-03-11,NA
2026-03-11,NA
2026-03-11,NA
2026-03-11,9
2026-03-11,14
2026-03-11,NA
2026-03-11,NA
2026-03-11,42
2026-03-11,30
2026-03-11,8
2026-03-11,NA
2026-03-11,NA
2026-03-11,39
2026-03-11,NA
2026-03-11,NA
2026-03-11,NA
2026-03-11,66
2026-03-11,46
2026-03-11,53
2026-03-11,101
2026-03-11,NA
2026-03-11,NA
2026-03-11,NA
2026-03-11,93
2026-03-11,62
2026-03-11,60
2026-03-11,120
2026-03-11,20
2026-03-11,102
2026-03-11,35
2026-03-11,NA
2026-03-11,NA
2026-03-11,NA
2026-03-11,NA
2026-03-11,NA
2026-03-11,NA
2026-03-11,85
2026-03-11,28
2026-03-11,61
2026-03-11,2
2026-03-11,10
2026-03-11,94
2026-03-11,9
2026-03-11,29
2026-03-11,27
2026-03-11,78
2026-03-11,49
2026-03-11,60
2026-03-11,14
2026-03-11,8
2026-03-11,49
2026-03-11,39
2026-03-11,33
2026-03-11,5
2026-03-11,8
2026-03-11,37
2026-03-11,24
2026-03-11,42
2026-03-11,36
2026-03-11,69
2026-03-11,NA
2026-03-11,69
2026-03-11,22
2026-03-11,5
2026-03-11,24
2026-03-11,22
2026-03-11,35
2026-03-11,5
2026-03-11,21
2026-03-11,NA
2026-03-11,61
2026-03-11,48
2026-03-11,23
2026-03-11,35
2026-03-11,39
2026-03-11,40
2026-03-11,12
2026-03-11,88
2026-03-11,33
2026-03-11,91
2026-03-11,22
2026-03-11,NA
2026-03-11,18
2026-03-11,83
2026-03-11,49
2026-03-11,45
2026-03-11,30
2026-03-11,40
2026-03-11,30
2026-03-11,2
2026-03-11,9
2026-03-11,50
2026-03-11,7
2026-03-11,12
2026-03-11,6
2026-03-11,13
2026-03-11,15
2026-03-11,21
2026-03-11,6
2026-03-11,29
2026-03-11,39
2026-03-11,30
2026-03-11,72
2026-03-11,50
2026-03-11,NA
2026-03-11,29
2026-03-11,NA
2026-03-11,NA
2026-03-11,94
2026-03-11,NA
2026-03-11,84
2026-03-11,NA
2026-03-11,78
2026-03-11,52
2026-03-11,NA
2026-03-11,283
2026-03-11,NA
2026-03-11,52
2026-03-11,45
2026-03-11,37
2026-03-11,71
2026-03-11,65
2026-03-11,NA
2026-03-11,33
2026-03-11,45
2026-03-11,12
2026-03-11,NA
2026-03-11,40
2026-03-11,23
2026-03-11,31
2026-03-11,31
2026-03-11,43
2026-03-11,28
2026-03-11,33
2026-03-11,20
2026-03-11,8
2026-03-11,32
2026-03-12,NA
2026-03-12,NA
2026-03-12,8
2026-03-12,6
2026-03-12,NA
2026-03-12,NA
2026-03-12,NA
2026-03-12,9
2026-03-12,14
2026-03-12,NA
2026-03-12,NA
2026-03-12,42
2026-03-12,30
2026-03-12,8
2026-03-12,NA
2026-03-12,NA
2026-03-12,32
2026-03-12,NA
2026-03-12,NA
2026-03-12,NA
2026-03-12,66
2026-03-12,45
2026-03-12,53
2026-03-12,101
2026-03-12,NA
2026-03-12,NA
2026-03-12,NA
2026-03-12,93
2026-03-12,62
2026-03-12,61
2026-03-12,120
2026-03-12,21
2026-03-12,103
2026-03-12,35
2026-03-12,NA
2026-03-12,NA
2026-03-12,NA
2026-03-12,NA
2026-03-12,NA
2026-03-12,NA
2026-03-12,87
2026-03-12,28
2026-03-12,61
2026-03-12,2
2026-03-12,10
2026-03-12,94
2026-03-12,8
2026-03-12,30
2026-03-12,27
2026-03-12,78
2026-03-12,50
2026-03-12,57
2026-03-12,13
2026-03-12,49
2026-03-12,39
2026-03-12,33
2026-03-12,3
2026-03-12,5
2026-03-12,7
2026-03-12,37
2026-03-12,24
2026-03-12,41
2026-03-12,36
2026-03-12,68
2026-03-12,NA
2026-03-12,68
2026-03-12,22
2026-03-12,5
2026-03-12,26
2026-03-12,21
2026-03-12,35
2026-03-12,5
2026-03-12,21
2026-03-12,NA
2026-03-12,61
2026-03-12,50
2026-03-12,23
2026-03-12,35
2026-03-12,39
2026-03-12,32
2026-03-12,12
2026-03-12,87
2026-03-12,33
2026-03-12,90
2026-03-12,22
2026-03-12,NA
2026-03-12,19
2026-03-12,84
2026-03-12,49
2026-03-12,44
2026-03-12,30
2026-03-12,39
2026-03-12,30
2026-03-12,2
2026-03-12,9
2026-03-12,48
2026-03-12,7
2026-03-12,12
2026-03-12,6
2026-03-12,12
2026-03-12,15
2026-03-12,21
2026-03-12,6
2026-03-12,29
2026-03-12,39
2026-03-12,30
2026-03-12,72
2026-03-12,50
2026-03-12,NA
2026-03-12,29
2026-03-12,NA
2026-03-12,NA
2026-03-12,94
2026-03-12,NA
2026-03-12,85
2026-03-12,NA
2026-03-12,78
2026-03-12,59
2026-03-12,NA
2026-03-12,282
2026-03-12,NA
2026-03-12,52
2026-03-12,46
2026-03-12,37
2026-03-12,71
2026-03-12,65
2026-03-12,NA
2026-03-12,33
2026-03-12,45
2026-03-12,12
2026-03-12,NA
2026-03-12,40
2026-03-12,24
2026-03-12,31
2026-03-12,31
2026-03-12,42
2026-03-12,27
2026-03-12,33
2026-03-12,20
2026-03-12,9
2026-03-12,30
2026-03-13,NA
2026-03-13,NA
2026-03-13,8
2026-03-13,5
2026-03-13,NA
2026-03-13,NA
2026-03-13,NA
2026-03-13,9
2026-03-13,14
2026-03-13,NA
2026-03-13,NA
2026-03-13,42
2026-03-13,30
2026-03-13,8
2026-03-13,9
2026-03-13,NA
2026-03-13,NA
2026-03-13,58
2026-03-13,NA
2026-03-13,NA
2026-03-13,NA
2026-03-13,65
2026-03-13,46
2026-03-13,53
2026-03-13,101
2026-03-13,NA
2026-03-13,NA
2026-03-13,NA
2026-03-13,93
2026-03-13,62
2026-03-13,61
2026-03-13,122
2026-03-13,21
2026-03-13,101
2026-03-13,32
2026-03-13,NA
2026-03-13,NA
2026-03-13,NA
2026-03-13,NA
2026-03-13,NA
2026-03-13,NA
2026-03-13,83
2026-03-13,28
2026-03-13,61
2026-03-13,2
2026-03-13,10
2026-03-13,94
2026-03-13,9
2026-03-13,30
2026-03-13,27
2026-03-13,78
2026-03-13,49
2026-03-13,57
2026-03-13,12
2026-03-13,5
2026-03-13,40
2026-03-13,8
2026-03-13,49
2026-03-13,40
2026-03-13,33
2026-03-13,3
2026-03-13,5
2026-03-13,7
2026-03-13,36
2026-03-13,23
2026-03-13,40
2026-03-13,36
2026-03-13,68
2026-03-13,NA
2026-03-13,68
2026-03-13,22
2026-03-13,5
2026-03-13,26
2026-03-13,22
2026-03-13,35
2026-03-13,5
2026-03-13,21
2026-03-13,NA
2026-03-13,61
2026-03-13,50
2026-03-13,23
2026-03-13,38
2026-03-13,39
2026-03-13,24
2026-03-13,9
2026-03-13,88
2026-03-13,33
2026-03-13,86
2026-03-13,22
2026-03-13,NA
2026-03-13,19
2026-03-13,83
2026-03-13,49
2026-03-13,44
2026-03-13,30
2026-03-13,39
2026-03-13,30
2026-03-13,2
2026-03-13,9
2026-03-13,50
2026-03-13,7
2026-03-13,12
2026-03-13,6
2026-03-13,12
2026-03-13,15
2026-03-13,21
2026-03-13,6
2026-03-13,29
2026-03-13,39
2026-03-13,30
2026-03-13,72
2026-03-13,50
2026-03-13,NA
2026-03-13,29
2026-03-13,NA
2026-03-13,NA
2026-03-13,93
2026-03-13,NA
2026-03-13,85
2026-03-13,NA
2026-03-13,78
2026-03-13,66
2026-03-13,NA
2026-03-13,283
2026-03-13,NA
2026-03-13,50
2026-03-13,46
2026-03-13,37
2026-03-13,71
2026-03-13,65
2026-03-13,NA
2026-03-13,33
2026-03-13,45
2026-03-13,12
2026-03-13,NA
2026-03-13,40
2026-03-13,24
2026-03-13,31
2026-03-13,31
2026-03-13,42
2026-03-13,29
2026-03-13,33
2026-03-13,19
2026-03-13,10
2026-03-13,30
2026-03-14,NA
2026-03-14,NA
2026-03-14,8
2026-03-14,5
2026-03-14,NA
2026-03-14,NA
2026-03-14,NA
2026-03-14,8
2026-03-14,14
2026-03-14,NA
2026-03-14,NA
2026-03-14,42
2026-03-14,30
2026-03-14,18
2026-03-14,9
2026-03-14,NA
2026-03-14,NA
2026-03-14,58
2026-03-14,NA
2026-03-14,NA
2026-03-14,NA
2026-03-14,64
2026-03-14,46
2026-03-14,53
2026-03-14,101
2026-03-14,NA
2026-03-14,NA
2026-03-14,NA
2026-03-14,93
2026-03-14,62
2026-03-14,61
2026-03-14,122
2026-03-14,21
2026-03-14,103
2026-03-14,32
2026-03-14,NA
2026-03-14,NA
2026-03-14,NA
2026-03-14,NA
2026-03-14,NA
2026-03-14,NA
2026-03-14,83
2026-03-14,28
2026-03-14,61
2026-03-14,1
2026-03-14,10
2026-03-14,94
2026-03-14,9
2026-03-14,30
2026-03-14,27
2026-03-14,78
2026-03-14,48
2026-03-14,57
2026-03-14,12
2026-03-14,20
2026-03-14,75
2026-03-14,18
2026-03-14,49
2026-03-14,40
2026-03-14,33
2026-03-14,3
2026-03-14,5
2026-03-14,7
2026-03-14,36
2026-03-14,23
2026-03-14,40
2026-03-14,36
2026-03-14,68
2026-03-14,NA
2026-03-14,69
2026-03-14,22
2026-03-14,5
2026-03-14,26
2026-03-14,22
2026-03-14,35
2026-03-14,5
2026-03-14,21
2026-03-14,NA
2026-03-14,61
2026-03-14,50
2026-03-14,23
2026-03-14,38
2026-03-14,39
2026-03-14,24
2026-03-14,9
2026-03-14,88
2026-03-14,33
2026-03-14,86
2026-03-14,22
2026-03-14,NA
2026-03-14,19
2026-03-14,82
2026-03-14,49
2026-03-14,42
2026-03-14,30
2026-03-14,39
2026-03-14,30
2026-03-14,2
2026-03-14,9
2026-03-14,50
2026-03-14,7
2026-03-14,12
2026-03-14,6
2026-03-14,12
2026-03-14,15
2026-03-14,21
2026-03-14,6
2026-03-14,29
2026-03-14,39
2026-03-14,30
2026-03-14,72
2026-03-14,50
2026-03-14,NA
2026-03-14,28
2026-03-14,NA
2026-03-14,NA
2026-03-14,93
2026-03-14,NA
2026-03-14,86
2026-03-14,NA
2026-03-14,78
2026-03-14,66
2026-03-14,NA
2026-03-14,283
2026-03-14,NA
2026-03-14,51
2026-03-14,46
2026-03-14,37
2026-03-14,71
2026-03-14,65
2026-03-14,NA
2026-03-14,33
2026-03-14,45
2026-03-14,12
2026-03-14,NA
2026-03-14,40
2026-03-14,24
2026-03-14,31
2026-03-14,30
2026-03-14,43
2026-03-14,29
2026-03-14,33
2026-03-14,19
2026-03-14,10
2026-03-14,30
2026-03-15,NA
2026-03-15,NA
2026-03-15,8
2026-03-15,5
2026-03-15,NA
2026-03-15,NA
2026-03-15,NA
2026-03-15,8
2026-03-15,15
2026-03-15,NA
2026-03-15,NA
2026-03-15,42
2026-03-15,30
2026-03-15,21
2026-03-15,9
2026-03-15,NA
2026-03-15,NA
2026-03-15,65
2026-03-15,NA
2026-03-15,NA
2026-03-15,NA
2026-03-15,63
2026-03-15,46
2026-03-15,53
2026-03-15,101
2026-03-15,NA
2026-03-15,NA
2026-03-15,NA
2026-03-15,93
2026-03-15,62
2026-03-15,61
2026-03-15,122
2026-03-15,21
2026-03-15,103
2026-03-15,32
2026-03-15,NA
2026-03-15,NA
2026-03-15,NA
2026-03-15,NA
2026-03-15,NA
2026-03-15,NA
2026-03-15,83
2026-03-15,28
2026-03-15,62
2026-03-15,1
2026-03-15,10
2026-03-15,94
2026-03-15,9
2026-03-15,29
2026-03-15,27
2026-03-15,78
2026-03-15,50
2026-03-15,57
2026-03-15,12
2026-03-15,40
2026-03-15,75
2026-03-15,32
2026-03-15,49
2026-03-15,40
2026-03-15,33
2026-03-15,3
2026-03-15,5
2026-03-15,7
2026-03-15,36
2026-03-15,23
2026-03-15,40
2026-03-15,36
2026-03-15,68
2026-03-15,NA
2026-03-15,69
2026-03-15,22
2026-03-15,5
2026-03-15,26
2026-03-15,22
2026-03-15,35
2026-03-15,5
2026-03-15,20
2026-03-15,NA
2026-03-15,61
2026-03-15,50
2026-03-15,23
2026-03-15,38
2026-03-15,38
2026-03-15,23
2026-03-15,9
2026-03-15,88
2026-03-15,35
2026-03-15,85
2026-03-15,20
2026-03-15,NA
2026-03-15,19
2026-03-15,82
2026-03-15,49
2026-03-15,43
2026-03-15,30
2026-03-15,39
2026-03-15,30
2026-03-15,2
2026-03-15,9
2026-03-15,47
2026-03-15,7
2026-03-15,12
2026-03-15,6
2026-03-15,12
2026-03-15,15
2026-03-15,21
2026-03-15,6
2026-03-15,29
2026-03-15,39
2026-03-15,30
2026-03-15,72
2026-03-15,50
2026-03-15,NA
2026-03-15,28
2026-03-15,NA
2026-03-15,NA
2026-03-15,93
2026-03-15,NA
2026-03-15,86
2026-03-15,NA
2026-03-15,78
2026-03-15,65
2026-03-15,NA
2026-03-15,283
2026-03-15,NA
2026-03-15,52
2026-03-15,46
2026-03-15,37
2026-03-15,71
2026-03-15,65
2026-03-15,NA
2026-03-15,33
2026-03-15,45
2026-03-15,12
2026-03-15,NA
2026-03-15,40
2026-03-15,24
2026-03-15,31
2026-03-15,31
2026-03-15,43
2026-03-15,29
2026-03-15,33
2026-03-15,19
2026-03-15,10
2026-03-15,30
2026-03-16,NA
2026-03-16,NA
2026-03-16,8
2026-03-16,5
2026-03-16,NA
2026-03-16,NA
2026-03-16,NA
2026-03-16,8
2026-03-16,15
2026-03-16,NA
2026-03-16,NA
2026-03-16,42
2026-03-16,29
2026-03-16,19
2026-03-16,9
2026-03-16,NA
2026-03-16,NA
2026-03-16,67
2026-03-16,NA
2026-03-16,NA
2026-03-16,NA
2026-03-16,63
2026-03-16,46
2026-03-16,53
2026-03-16,101
2026-03-16,NA
2026-03-16,NA
2026-03-16,NA
2026-03-16,93
2026-03-16,62
2026-03-16,62
2026-03-16,122
2026-03-16,21
2026-03-16,103
2026-03-16,32
2026-03-16,NA
2026-03-16,NA
2026-03-16,NA
2026-03-16,NA
2026-03-16,NA
2026-03-16,NA
2026-03-16,82
2026-03-16,28
2026-03-16,63
2026-03-16,1
2026-03-16,10
2026-03-16,94
2026-03-16,8
2026-03-16,29
2026-03-16,27
2026-03-16,76
2026-03-16,50
2026-03-16,58
2026-03-16,11
2026-03-16,45
2026-03-16,75
2026-03-16,45
2026-03-16,48
2026-03-16,39
2026-03-16,33
2026-03-16,3
2026-03-16,5
2026-03-16,7
2026-03-16,36
2026-03-16,23
2026-03-16,40
2026-03-16,36
2026-03-16,67
2026-03-16,NA
2026-03-16,69
2026-03-16,22
2026-03-16,5
2026-03-16,26
2026-03-16,24
2026-03-16,35
2026-03-16,5
2026-03-16,21
2026-03-16,NA
2026-03-16,61
2026-03-16,50
2026-03-16,23
2026-03-16,37
2026-03-16,39
2026-03-16,20
2026-03-16,7
2026-03-16,87
2026-03-16,35
2026-03-16,85
2026-03-16,18
2026-03-16,NA
2026-03-16,19
2026-03-16,83
2026-03-16,49
2026-03-16,43
2026-03-16,30
2026-03-16,39
2026-03-16,30
2026-03-16,2
2026-03-16,9
2026-03-16,50
2026-03-16,7
2026-03-16,12
2026-03-16,5
2026-03-16,12
2026-03-16,15
2026-03-16,21
2026-03-16,5
2026-03-16,28
2026-03-16,39
2026-03-16,30
2026-03-16,72
2026-03-16,50
2026-03-16,NA
2026-03-16,29
2026-03-16,NA
2026-03-16,NA
2026-03-16,93
2026-03-16,NA
2026-03-16,86
2026-03-16,NA
2026-03-16,78
2026-03-16,64
2026-03-16,NA
2026-03-16,283
2026-03-16,NA
2026-03-16,52
2026-03-16,46
2026-03-16,37
2026-03-16,71
2026-03-16,65
2026-03-16,NA
2026-03-16,33
2026-03-16,45
2026-03-16,12
2026-03-16,NA
2026-03-16,40
2026-03-16,24
2026-03-16,31
2026-03-16,31
2026-03-16,43
2026-03-16,29
2026-03-16,33
2026-03-16,19
2026-03-16,10
2026-03-16,30
2026-03-17,NA
2026-03-17,NA
2026-03-17,8
2026-03-17,5
2026-03-17,NA
2026-03-17,NA
2026-03-17,NA
2026-03-17,8
2026-03-17,15
2026-03-17,NA
2026-03-17,NA
2026-03-17,42
2026-03-17,30
2026-03-17,21
2026-03-17,11
2026-03-17,NA
2026-03-17,NA
2026-03-17,63
2026-03-17,NA
2026-03-17,NA
2026-03-17,NA
2026-03-17,63
2026-03-17,46
2026-03-17,53
2026-03-17,101
2026-03-17,NA
2026-03-17,NA
2026-03-17,NA
2026-03-17,93
2026-03-17,62
2026-03-17,63
2026-03-17,122
2026-03-17,21
2026-03-17,103
2026-03-17,31
2026-03-17,NA
2026-03-17,NA
2026-03-17,NA
2026-03-17,NA
2026-03-17,NA
2026-03-17,NA
2026-03-17,82
2026-03-17,28
2026-03-17,64
2026-03-17,1
2026-03-17,10
2026-03-17,94
2026-03-17,8
2026-03-17,30
2026-03-17,27
2026-03-17,76
2026-03-17,50
2026-03-17,58
2026-03-17,11
2026-03-17,44
2026-03-17,75
2026-03-17,46
2026-03-17,48
2026-03-17,38
2026-03-17,33
2026-03-17,3
2026-03-17,5
2026-03-17,7
2026-03-17,36
2026-03-17,23
2026-03-17,37
2026-03-17,36
2026-03-17,69
2026-03-17,NA
2026-03-17,69
2026-03-17,22
2026-03-17,5
2026-03-17,26
2026-03-17,22
2026-03-17,35
2026-03-17,5
2026-03-17,21
2026-03-17,NA
2026-03-17,61
2026-03-17,50
2026-03-17,23
2026-03-17,37
2026-03-17,39
2026-03-17,17
2026-03-17,3
2026-03-17,87
2026-03-17,35
2026-03-17,85
2026-03-17,17
2026-03-17,NA
2026-03-17,19
2026-03-17,85
2026-03-17,48
2026-03-17,42
2026-03-17,30
2026-03-17,39
2026-03-17,30
2026-03-17,2
2026-03-17,9
2026-03-17,51
2026-03-17,7
2026-03-17,12
2026-03-17,6
2026-03-17,12
2026-03-17,16
2026-03-17,21
2026-03-17,5
2026-03-17,29
2026-03-17,39
2026-03-17,30
2026-03-17,72
2026-03-17,50
2026-03-17,NA
2026-03-17,28
2026-03-17,NA
2026-03-17,NA
2026-03-17,93
2026-03-17,NA
2026-03-17,86
2026-03-17,NA
2026-03-17,78
2026-03-17,67
2026-03-17,NA
2026-03-17,282
2026-03-17,NA
2026-03-17,52
2026-03-17,46
2026-03-17,37
2026-03-17,71
2026-03-17,65
2026-03-17,NA
2026-03-17,34
2026-03-17,45
2026-03-17,12
2026-03-17,NA
2026-03-17,40
2026-03-17,24
2026-03-17,31
2026-03-17,31
2026-03-17,43
2026-03-17,29
2026-03-17,33
2026-03-17,20
2026-03-17,10
2026-03-17,30
2026-03-18,NA
2026-03-18,NA
2026-03-18,8
2026-03-18,8
2026-03-18,NA
2026-03-18,NA
2026-03-18,NA
2026-03-18,8
2026-03-18,15
2026-03-18,NA
2026-03-18,NA
2026-03-18,42
2026-03-18,30
2026-03-18,8
2026-03-18,11
2026-03-18,NA
2026-03-18,NA
2026-03-18,61
2026-03-18,NA
2026-03-18,NA
2026-03-18,NA
2026-03-18,64
2026-03-18,46
2026-03-18,53
2026-03-18,101
2026-03-18,NA
2026-03-18,NA
2026-03-18,NA
2026-03-18,93
2026-03-18,62
2026-03-18,62
2026-03-18,122
2026-03-18,21
2026-03-18,102
2026-03-18,31
2026-03-18,NA
2026-03-18,NA
2026-03-18,NA
2026-03-18,NA
2026-03-18,NA
2026-03-18,NA
2026-03-18,83
2026-03-18,28
2026-03-18,64
2026-03-18,1
2026-03-18,10
2026-03-18,94
2026-03-18,8
2026-03-18,28
2026-03-18,28
2026-03-18,78
2026-03-18,50
2026-03-18,58
2026-03-18,11
2026-03-18,41
2026-03-18,71
2026-03-18,33
2026-03-18,46
2026-03-18,35
2026-03-18,33
2026-03-18,3
2026-03-18,5
2026-03-18,7
2026-03-18,36
2026-03-18,23
2026-03-18,39
2026-03-18,36
2026-03-18,69
2026-03-18,NA
2026-03-18,69
2026-03-18,21
2026-03-18,5
2026-03-18,26
2026-03-18,24
2026-03-18,35
2026-03-18,5
2026-03-18,21
2026-03-18,NA
2026-03-18,60
2026-03-18,50
2026-03-18,23
2026-03-18,37
2026-03-18,39
2026-03-18,12
2026-03-18,1
2026-03-18,87
2026-03-18,35
2026-03-18,82
2026-03-18,14
2026-03-18,NA
2026-03-18,17
2026-03-18,85
2026-03-18,49
2026-03-18,43
2026-03-18,30
2026-03-18,39
2026-03-18,30
2026-03-18,2
2026-03-18,9
2026-03-18,51
2026-03-18,8
2026-03-18,12
2026-03-18,6
2026-03-18,12
2026-03-18,16
2026-03-18,21
2026-03-18,5
2026-03-18,29
2026-03-18,38
2026-03-18,30
2026-03-18,72
2026-03-18,50
2026-03-18,NA
2026-03-18,28
2026-03-18,NA
2026-03-18,NA
2026-03-18,94
2026-03-18,NA
2026-03-18,85
2026-03-18,NA
2026-03-18,78
2026-03-18,64
2026-03-18,NA
2026-03-18,283
2026-03-18,NA
2026-03-18,52
2026-03-18,46
2026-03-18,36
2026-03-18,71
2026-03-18,65
2026-03-18,NA
2026-03-18,35
2026-03-18,45
2026-03-18,12
2026-03-18,NA
2026-03-18,40
2026-03-18,24
2026-03-18,31
2026-03-18,31
2026-03-18,43
2026-03-18,29
2026-03-18,33
2026-03-18,19
2026-03-18,10
2026-03-18,30
2026-03-19,NA
2026-03-19,NA
2026-03-19,8
2026-03-19,8
2026-03-19,NA
2026-03-19,NA
2026-03-19,NA
2026-03-19,7
2026-03-19,13
2026-03-19,NA
2026-03-19,NA
2026-03-19,42
2026-03-19,30
2026-03-19,11
2026-03-19,NA
2026-03-19,NA
2026-03-19,53
2026-03-19,NA
2026-03-19,NA
2026-03-19,NA
2026-03-19,64
2026-03-19,46
2026-03-19,53
2026-03-19,101
2026-03-19,NA
2026-03-19,NA
2026-03-19,NA
2026-03-19,93
2026-03-19,62
2026-03-19,61
2026-03-19,122
2026-03-19,21
2026-03-19,103
2026-03-19,32
2026-03-19,NA
2026-03-19,NA
2026-03-19,NA
2026-03-19,NA
2026-03-19,NA
2026-03-19,NA
2026-03-19,80
2026-03-19,28
2026-03-19,64
2026-03-19,1
2026-03-19,10
2026-03-19,94
2026-03-19,8
2026-03-19,29
2026-03-19,28
2026-03-19,77
2026-03-19,50
2026-03-19,59
2026-03-19,9
2026-03-19,35
2026-03-19,65
2026-03-19,21
2026-03-19,48
2026-03-19,36
2026-03-19,33
2026-03-19,3
2026-03-19,5
2026-03-19,7
2026-03-19,36
2026-03-19,23
2026-03-19,40
2026-03-19,36
2026-03-19,70
2026-03-19,NA
2026-03-19,69
2026-03-19,21
2026-03-19,5
2026-03-19,26
2026-03-19,24
2026-03-19,35
2026-03-19,5
2026-03-19,21
2026-03-19,NA
2026-03-19,61
2026-03-19,50
2026-03-19,23
2026-03-19,36
2026-03-19,39
2026-03-19,6
2026-03-19,88
2026-03-19,35
2026-03-19,81
2026-03-19,13
2026-03-19,NA
2026-03-19,17
2026-03-19,86
2026-03-19,49
2026-03-19,45
2026-03-19,30
2026-03-19,39
2026-03-19,30
2026-03-19,2
2026-03-19,9
2026-03-19,50
2026-03-19,9
2026-03-19,12
2026-03-19,6
2026-03-19,11
2026-03-19,16
2026-03-19,21
2026-03-19,5
2026-03-19,29
2026-03-19,38
2026-03-19,30
2026-03-19,72
2026-03-19,50
2026-03-19,NA
2026-03-19,28
2026-03-19,NA
2026-03-19,NA
2026-03-19,94
2026-03-19,NA
2026-03-19,86
2026-03-19,NA
2026-03-19,78
2026-03-19,67
2026-03-19,NA
2026-03-19,283
2026-03-19,NA
2026-03-19,52
2026-03-19,46
2026-03-19,37
2026-03-19,71
2026-03-19,65
2026-03-19,NA
2026-03-19,34
2026-03-19,45
2026-03-19,12
2026-03-19,NA
2026-03-19,40
2026-03-19,24
2026-03-19,31
2026-03-19,31
2026-03-19,43
2026-03-19,28
2026-03-19,33
2026-03-19,19
2026-03-19,10
2026-03-19,30
2026-03-20,NA
2026-03-20,NA
2026-03-20,8
2026-03-20,8
2026-03-20,NA
2026-03-20,NA
2026-03-20,NA
2026-03-20,7
2026-03-20,13
2026-03-20,NA
2026-03-20,NA
2026-03-20,42
2026-03-20,30
2026-03-20,11
2026-03-20,NA
2026-03-20,NA
2026-03-20,52
2026-03-20,NA
2026-03-20,NA
2026-03-20,NA
2026-03-20,64
2026-03-20,46
2026-03-20,53
2026-03-20,101
2026-03-20,NA
2026-03-20,NA
2026-03-20,NA
2026-03-20,93
2026-03-20,62
2026-03-20,60
2026-03-20,122
2026-03-20,21
2026-03-20,103
2026-03-20,32
2026-03-20,NA
2026-03-20,NA
2026-03-20,NA
2026-03-20,NA
2026-03-20,NA
2026-03-20,NA
2026-03-20,82
2026-03-20,28
2026-03-20,64
2026-03-20,1
2026-03-20,10
2026-03-20,94
2026-03-20,7
2026-03-20,30
2026-03-20,28
2026-03-20,78
2026-03-20,50
2026-03-20,59
2026-03-20,9
2026-03-20,31
2026-03-20,59
2026-03-20,16
2026-03-20,48
2026-03-20,38
2026-03-20,33
2026-03-20,7
2026-03-20,5
2026-03-20,7
2026-03-20,37
2026-03-20,23
2026-03-20,40
2026-03-20,36
2026-03-20,70
2026-03-20,NA
2026-03-20,70
2026-03-20,21
2026-03-20,5
2026-03-20,26
2026-03-20,24
2026-03-20,35
2026-03-20,5
2026-03-20,21
2026-03-20,NA
2026-03-20,61
2026-03-20,50
2026-03-20,23
2026-03-20,36
2026-03-20,39
2026-03-20,5
2026-03-20,88
2026-03-20,35
2026-03-20,79
2026-03-20,13
2026-03-20,NA
2026-03-20,15
2026-03-20,85
2026-03-20,49
2026-03-20,41
2026-03-20,30
2026-03-20,39
2026-03-20,30
2026-03-20,2
2026-03-20,9
2026-03-20,52
2026-03-20,10
2026-03-20,12
2026-03-20,6
2026-03-20,10
2026-03-20,16
2026-03-20,21
2026-03-20,5
2026-03-20,29
2026-03-20,38
2026-03-20,30
2026-03-20,72
2026-03-20,50
2026-03-20,NA
2026-03-20,28
2026-03-20,NA
2026-03-20,NA
2026-03-20,91
2026-03-20,NA
2026-03-20,86
2026-03-20,NA
2026-03-20,78
2026-03-20,67
2026-03-20,NA
2026-03-20,282
2026-03-20,NA
2026-03-20,52
2026-03-20,46
2026-03-20,37
2026-03-20,71
2026-03-20,65
2026-03-20,NA
2026-03-20,34
2026-03-20,45
2026-03-20,12
2026-03-20,NA
2026-03-20,40
2026-03-20,24
2026-03-20,31
2026-03-20,31
2026-03-20,43
2026-03-20,28
2026-03-20,33
2026-03-20,19
2026-03-20,10
2026-03-20,30
2026-03-21,NA
2026-03-21,NA
2026-03-21,8
2026-03-21,8
2026-03-21,NA
2026-03-21,NA
2026-03-21,NA
2026-03-21,7
2026-03-21,14
2026-03-21,NA
2026-03-21,NA
2026-03-21,42
2026-03-21,30
2026-03-21,11
2026-03-21,NA
2026-03-21,NA
2026-03-21,50
2026-03-21,NA
2026-03-21,NA
2026-03-21,NA
2026-03-21,64
2026-03-21,46
2026-03-21,53
2026-03-21,101
2026-03-21,NA
2026-03-21,NA
2026-03-21,NA
2026-03-21,93
2026-03-21,62
2026-03-21,60
2026-03-21,122
2026-03-21,21
2026-03-21,103
2026-03-21,32
2026-03-21,NA
2026-03-21,NA
2026-03-21,NA
2026-03-21,NA
2026-03-21,NA
2026-03-21,NA
2026-03-21,82
2026-03-21,28
2026-03-21,64
2026-03-21,1
2026-03-21,10
2026-03-21,94
2026-03-21,7
2026-03-21,30
2026-03-21,28
2026-03-21,78
2026-03-21,50
2026-03-21,59
2026-03-21,9
2026-03-21,24
2026-03-21,52
2026-03-21,13
2026-03-21,48
2026-03-21,38
2026-03-21,33
2026-03-21,7
2026-03-21,5
2026-03-21,7
2026-03-21,37
2026-03-21,23
2026-03-21,39
2026-03-21,36
2026-03-21,70
2026-03-21,NA
2026-03-21,70
2026-03-21,21
2026-03-21,5
2026-03-21,26
2026-03-21,24
2026-03-21,35
2026-03-21,5
2026-03-21,20
2026-03-21,NA
2026-03-21,61
2026-03-21,50
2026-03-21,23
2026-03-21,36
2026-03-21,39
2026-03-21,5
2026-03-21,88
2026-03-21,36
2026-03-21,78
2026-03-21,11
2026-03-21,NA
2026-03-21,15
2026-03-21,84
2026-03-21,49
2026-03-21,44
2026-03-21,30
2026-03-21,39
2026-03-21,30
2026-03-21,2
2026-03-21,9
2026-03-21,52
2026-03-21,9
2026-03-21,12
2026-03-21,6
2026-03-21,10
2026-03-21,16
2026-03-21,21
2026-03-21,6
2026-03-21,29
2026-03-21,39
2026-03-21,30
2026-03-21,72
2026-03-21,50
2026-03-21,NA
2026-03-21,29
2026-03-21,NA
2026-03-21,NA
2026-03-21,91
2026-03-21,NA
2026-03-21,86
2026-03-21,NA
2026-03-21,78
2026-03-21,67
2026-03-21,NA
2026-03-21,283
2026-03-21,NA
2026-03-21,52
2026-03-21,46
2026-03-21,37
2026-03-21,71
2026-03-21,65
2026-03-21,NA
2026-03-21,34
2026-03-21,45
2026-03-21,12
2026-03-21,NA
2026-03-21,40
2026-03-21,24
2026-03-21,31
2026-03-21,31
2026-03-21,43
2026-03-21,27
2026-03-21,33
2026-03-21,19
2026-03-21,10
2026-03-21,30
2026-03-22,NA
2026-03-22,NA
2026-03-22,8
2026-03-22,8
2026-03-22,NA
2026-03-22,NA
2026-03-22,NA
2026-03-22,7
2026-03-22,14
2026-03-22,NA
2026-03-22,NA
2026-03-22,42
2026-03-22,29
2026-03-22,11
2026-03-22,NA
2026-03-22,NA
2026-03-22,44
2026-03-22,NA
2026-03-22,NA
2026-03-22,NA
2026-03-22,64
2026-03-22,46
2026-03-22,53
2026-03-22,101
2026-03-22,NA
2026-03-22,NA
2026-03-22,NA
2026-03-22,93
2026-03-22,62
2026-03-22,60
2026-03-22,122
2026-03-22,21
2026-03-22,103
2026-03-22,32
2026-03-22,NA
2026-03-22,NA
2026-03-22,NA
2026-03-22,NA
2026-03-22,NA
2026-03-22,NA
2026-03-22,82
2026-03-22,28
2026-03-22,64
2026-03-22,1
2026-03-22,10
2026-03-22,93
2026-03-22,8
2026-03-22,30
2026-03-22,28
2026-03-22,78
2026-03-22,50
2026-03-22,59
2026-03-22,9
2026-03-22,23
2026-03-22,37
2026-03-22,10
2026-03-22,48
2026-03-22,39
2026-03-22,33
2026-03-22,7
2026-03-22,5
2026-03-22,7
2026-03-22,37
2026-03-22,23
2026-03-22,42
2026-03-22,36
2026-03-22,70
2026-03-22,NA
2026-03-22,69
2026-03-22,21
2026-03-22,5
2026-03-22,26
2026-03-22,22
2026-03-22,35
2026-03-22,5
2026-03-22,19
2026-03-22,NA
2026-03-22,61
2026-03-22,50
2026-03-22,23
2026-03-22,36
2026-03-22,39
2026-03-22,4
2026-03-22,88
2026-03-22,36
2026-03-22,78
2026-03-22,11
2026-03-22,NA
2026-03-22,15
2026-03-22,84
2026-03-22,49
2026-03-22,43
2026-03-22,30
2026-03-22,39
2026-03-22,30
2026-03-22,2
2026-03-22,9
2026-03-22,49
2026-03-22,8
2026-03-22,12
2026-03-22,6
2026-03-22,10
2026-03-22,16
2026-03-22,21
2026-03-22,6
2026-03-22,29
2026-03-22,39
2026-03-22,30
2026-03-22,72
2026-03-22,50
2026-03-22,NA
2026-03-22,29
2026-03-22,NA
2026-03-22,NA
2026-03-22,91
2026-03-22,NA
2026-03-22,85
2026-03-22,NA
2026-03-22,78
2026-03-22,66
2026-03-22,NA
2026-03-22,283
2026-03-22,NA
2026-03-22,52
2026-03-22,46
2026-03-22,37
2026-03-22,71
2026-03-22,65
2026-03-22,NA
2026-03-22,34
2026-03-22,45
2026-03-22,11
2026-03-22,NA
2026-03-22,40
2026-03-22,24
2026-03-22,31
2026-03-22,31
2026-03-22,43
2026-03-22,27
2026-03-22,33
2026-03-22,19
2026-03-22,10
2026-03-22,30
2026-03-23,NA
2026-03-23,NA
2026-03-23,8
2026-03-23,8
2026-03-23,NA
2026-03-23,NA
2026-03-23,NA
2026-03-23,7
2026-03-23,14
2026-03-23,NA
2026-03-23,NA
2026-03-23,41
2026-03-23,30
2026-03-23,9
2026-03-23,10
2026-03-23,NA
2026-03-23,NA
2026-03-23,51
2026-03-23,NA
2026-03-23,NA
2026-03-23,NA
2026-03-23,64
2026-03-23,46
2026-03-23,53
2026-03-23,100
2026-03-23,NA
2026-03-23,NA
2026-03-23,NA
2026-03-23,93
2026-03-23,62
2026-03-23,59
2026-03-23,122
2026-03-23,21
2026-03-23,103
2026-03-23,33
2026-03-23,NA
2026-03-23,NA
2026-03-23,NA
2026-03-23,NA
2026-03-23,NA
2026-03-23,NA
2026-03-23,83
2026-03-23,28
2026-03-23,64
2026-03-23,1
2026-03-23,10
2026-03-23,94
2026-03-23,8
2026-03-23,28
2026-03-23,28
2026-03-23,78
2026-03-23,50
2026-03-23,61
2026-03-23,10
2026-03-23,23
2026-03-23,75
2026-03-23,22
2026-03-23,48
2026-03-23,39
2026-03-23,33
2026-03-23,7
2026-03-23,5
2026-03-23,7
2026-03-23,37
2026-03-23,23
2026-03-23,43
2026-03-23,36
2026-03-23,70
2026-03-23,NA
2026-03-23,68
2026-03-23,22
2026-03-23,5
2026-03-23,26
2026-03-23,22
2026-03-23,35
2026-03-23,5
2026-03-23,20
2026-03-23,NA
2026-03-23,61
2026-03-23,50
2026-03-23,23
2026-03-23,36
2026-03-23,39
2026-03-23,4
2026-03-23,87
2026-03-23,35
2026-03-23,76
2026-03-23,11
2026-03-23,NA
2026-03-23,16
2026-03-23,82
2026-03-23,49
2026-03-23,42
2026-03-23,30
2026-03-23,40
2026-03-23,30
2026-03-23,2
2026-03-23,9
2026-03-23,51
2026-03-23,9
2026-03-23,12
2026-03-23,5
2026-03-23,10
2026-03-23,16
2026-03-23,21
2026-03-23,5
2026-03-23,29
2026-03-23,39
2026-03-23,30
2026-03-23,71
2026-03-23,50
2026-03-23,NA
2026-03-23,29
2026-03-23,NA
2026-03-23,NA
2026-03-23,91
2026-03-23,NA
2026-03-23,86
2026-03-23,NA
2026-03-23,78
2026-03-23,66
2026-03-23,NA
2026-03-23,283
2026-03-23,NA
2026-03-23,52
2026-03-23,46
2026-03-23,37
2026-03-23,71
2026-03-23,65
2026-03-23,NA
2026-03-23,34
2026-03-23,45
2026-03-23,11
2026-03-23,NA
2026-03-23,40
2026-03-23,25
2026-03-23,31
2026-03-23,31
2026-03-23,42
2026-03-23,28
2026-03-23,33
2026-03-23,19
2026-03-23,10
2026-03-23,30
2026-03-24,NA
2026-03-24,NA
2026-03-24,8
2026-03-24,8
2026-03-24,NA
2026-03-24,NA
2026-03-24,NA
2026-03-24,8
2026-03-24,14
2026-03-24,NA
2026-03-24,NA
2026-03-24,42
2026-03-24,30
2026-03-24,20
2026-03-24,10
2026-03-24,NA
2026-03-24,NA
2026-03-24,56
2026-03-24,NA
2026-03-24,NA
2026-03-24,NA
2026-03-24,64
2026-03-24,45
2026-03-24,53
2026-03-24,101
2026-03-24,NA
2026-03-24,NA
2026-03-24,93
2026-03-24,62
2026-03-24,60
2026-03-24,122
2026-03-24,22
2026-03-24,102
2026-03-24,33
2026-03-24,NA
2026-03-24,NA
2026-03-24,NA
2026-03-24,NA
2026-03-24,NA
2026-03-24,NA
2026-03-24,86
2026-03-24,28
2026-03-24,64
2026-03-24,1
2026-03-24,10
2026-03-24,92
2026-03-24,8
2026-03-24,29
2026-03-24,28
2026-03-24,78
2026-03-24,50
2026-03-24,61
2026-03-24,10
2026-03-24,23
2026-03-24,75
2026-03-24,38
2026-03-24,48
2026-03-24,38
2026-03-24,33
2026-03-24,7
2026-03-24,5
2026-03-24,7
2026-03-24,37
2026-03-24,23
2026-03-24,44
2026-03-24,36
2026-03-24,70
2026-03-24,NA
2026-03-24,69
2026-03-24,22
2026-03-24,5
2026-03-24,26
2026-03-24,24
2026-03-24,35
2026-03-24,5
2026-03-24,21
2026-03-24,NA
2026-03-24,60
2026-03-24,49
2026-03-24,21
2026-03-24,36
2026-03-24,39
2026-03-24,3
2026-03-24,87
2026-03-24,35
2026-03-24,74
2026-03-24,11
2026-03-24,NA
2026-03-24,16
2026-03-24,83
2026-03-24,49
2026-03-24,43
2026-03-24,30
2026-03-24,40
2026-03-24,30
2026-03-24,2
2026-03-24,9
2026-03-24,50
2026-03-24,8
2026-03-24,13
2026-03-24,4
2026-03-24,9
2026-03-24,15
2026-03-24,21
2026-03-24,6
2026-03-24,29
2026-03-24,38
2026-03-24,30
2026-03-24,72
2026-03-24,50
2026-03-24,NA
2026-03-24,29
2026-03-24,NA
2026-03-24,NA
2026-03-24,91
2026-03-24,NA
2026-03-24,86
2026-03-24,NA
2026-03-24,78
2026-03-24,64
2026-03-24,NA
2026-03-24,283
2026-03-24,NA
2026-03-24,52
2026-03-24,46
2026-03-24,37
2026-03-24,71
2026-03-24,65
2026-03-24,NA
2026-03-24,34
2026-03-24,45
2026-03-24,12
2026-03-24,NA
2026-03-24,40
2026-03-24,25
2026-03-24,31
2026-03-24,31
2026-03-24,42
2026-03-24,28
2026-03-24,33
2026-03-24,19
2026-03-24,10
2026-03-24,30
2026-03-25,NA
2026-03-25,NA
2026-03-25,8
2026-03-25,8
2026-03-25,NA
2026-03-25,NA
2026-03-25,NA
2026-03-25,9
2026-03-25,15
2026-03-25,NA
2026-03-25,NA
2026-03-25,42
2026-03-25,30
2026-03-25,21
2026-03-25,10
2026-03-25,NA
2026-03-25,NA
2026-03-25,63
2026-03-25,NA
2026-03-25,NA
2026-03-25,NA
2026-03-25,63
2026-03-25,46
2026-03-25,53
2026-03-25,100
2026-03-25,NA
2026-03-25,NA
2026-03-25,93
2026-03-25,62
2026-03-25,59
2026-03-25,121
2026-03-25,22
2026-03-25,102
2026-03-25,32
2026-03-25,NA
2026-03-25,NA
2026-03-25,NA
2026-03-25,NA
2026-03-25,NA
2026-03-25,NA
2026-03-25,87
2026-03-25,28
2026-03-25,64
2026-03-25,2
2026-03-25,10
2026-03-25,94
2026-03-25,8
2026-03-25,27
2026-03-25,28
2026-03-25,78
2026-03-25,50
2026-03-25,61
2026-03-25,12
2026-03-25,32
2026-03-25,74
2026-03-25,41
2026-03-25,46
2026-03-25,40
2026-03-25,33
2026-03-25,7
2026-03-25,5
2026-03-25,7
2026-03-25,37
2026-03-25,23
2026-03-25,42
2026-03-25,36
2026-03-25,70
2026-03-25,NA
2026-03-25,70
2026-03-25,22
2026-03-25,5
2026-03-25,26
2026-03-25,25
2026-03-25,35
2026-03-25,5
2026-03-25,21
2026-03-25,NA
2026-03-25,61
2026-03-25,49
2026-03-25,22
2026-03-25,36
2026-03-25,38
2026-03-25,1
2026-03-25,88
2026-03-25,34
2026-03-25,73
2026-03-25,11
2026-03-25,NA
2026-03-25,16
2026-03-25,85
2026-03-25,49
2026-03-25,42
2026-03-25,30
2026-03-25,40
2026-03-25,30
2026-03-25,2
2026-03-25,9
2026-03-25,51
2026-03-25,8
2026-03-25,13
2026-03-25,4
2026-03-25,9
2026-03-25,15
2026-03-25,21
2026-03-25,6
2026-03-25,29
2026-03-25,39
2026-03-25,30
2026-03-25,72
2026-03-25,50
2026-03-25,NA
2026-03-25,29
2026-03-25,NA
2026-03-25,NA
2026-03-25,94
2026-03-25,NA
2026-03-25,86
2026-03-25,NA
2026-03-25,78
2026-03-25,64
2026-03-25,NA
2026-03-25,282
2026-03-25,NA
2026-03-25,52
2026-03-25,46
2026-03-25,37
2026-03-25,71
2026-03-25,65
2026-03-25,NA
2026-03-25,33
2026-03-25,45
2026-03-25,12
2026-03-25,NA
2026-03-25,40
2026-03-25,25
2026-03-25,31
2026-03-25,31
2026-03-25,42
2026-03-25,28
2026-03-25,33
2026-03-25,19
2026-03-25,10
2026-03-25,30
2026-03-26,NA
2026-03-26,NA
2026-03-26,8
2026-03-26,8
2026-03-26,NA
2026-03-26,NA
2026-03-26,NA
2026-03-26,9
2026-03-26,15
2026-03-26,NA
2026-03-26,NA
2026-03-26,42
2026-03-26,30
2026-03-26,20
2026-03-26,10
2026-03-26,NA
2026-03-26,NA
2026-03-26,67
2026-03-26,NA
2026-03-26,NA
2026-03-26,NA
2026-03-26,63
2026-03-26,46
2026-03-26,53
2026-03-26,101
2026-03-26,NA
2026-03-26,NA
2026-03-26,93
2026-03-26,62
2026-03-26,57
2026-03-26,122
2026-03-26,22
2026-03-26,102
2026-03-26,32
2026-03-26,NA
2026-03-26,NA
2026-03-26,NA
2026-03-26,NA
2026-03-26,NA
2026-03-26,NA
2026-03-26,87
2026-03-26,28
2026-03-26,64
2026-03-26,2
2026-03-26,10
2026-03-26,93
2026-03-26,8
2026-03-26,25
2026-03-26,28
2026-03-26,78
2026-03-26,50
2026-03-26,62
2026-03-26,14
2026-03-26,43
2026-03-26,74
2026-03-26,45
2026-03-26,46
2026-03-26,40
2026-03-26,33
2026-03-26,7
2026-03-26,5
2026-03-26,7
2026-03-26,37
2026-03-26,23
2026-03-26,37
2026-03-26,36
2026-03-26,70
2026-03-26,NA
2026-03-26,70
2026-03-26,22
2026-03-26,5
2026-03-26,26
2026-03-26,25
2026-03-26,35
2026-03-26,5
2026-03-26,19
2026-03-26,NA
2026-03-26,61
2026-03-26,46
2026-03-26,22
2026-03-26,35
2026-03-26,39
2026-03-26,1
2026-03-26,87
2026-03-26,34
2026-03-26,72
2026-03-26,11
2026-03-26,NA
2026-03-26,16
2026-03-26,86
2026-03-26,49
2026-03-26,43
2026-03-26,30
2026-03-26,40
2026-03-26,30
2026-03-26,2
2026-03-26,9
2026-03-26,51
2026-03-26,8
2026-03-26,13
2026-03-26,4
2026-03-26,10
2026-03-26,16
2026-03-26,21
2026-03-26,6
2026-03-26,29
2026-03-26,39
2026-03-26,30
2026-03-26,72
2026-03-26,50
2026-03-26,NA
2026-03-26,29
2026-03-26,NA
2026-03-26,NA
2026-03-26,94
2026-03-26,NA
2026-03-26,85
2026-03-26,NA
2026-03-26,78
2026-03-26,65
2026-03-26,NA
2026-03-26,283
2026-03-26,NA
2026-03-26,52
2026-03-26,46
2026-03-26,37
2026-03-26,71
2026-03-26,65
2026-03-26,NA
2026-03-26,34
2026-03-26,45
2026-03-26,12
2026-03-26,NA
2026-03-26,40
2026-03-26,25
2026-03-26,31
2026-03-26,31
2026-03-26,40
2026-03-26,28
2026-03-26,33
2026-03-26,19
2026-03-26,10
2026-03-26,30
2026-03-27,NA
2026-03-27,NA
2026-03-27,8
2026-03-27,8
2026-03-27,NA
2026-03-27,NA
2026-03-27,NA
2026-03-27,9
2026-03-27,15
2026-03-27,NA
2026-03-27,NA
2026-03-27,42
2026-03-27,30
2026-03-27,21
2026-03-27,10
2026-03-27,NA
2026-03-27,NA
2026-03-27,64
2026-03-27,NA
2026-03-27,NA
2026-03-27,NA
2026-03-27,63
2026-03-27,46
2026-03-27,53
2026-03-27,101
2026-03-27,NA
2026-03-27,NA
2026-03-27,93
2026-03-27,62
2026-03-27,57
2026-03-27,122
2026-03-27,22
2026-03-27,102
2026-03-27,31
2026-03-27,NA
2026-03-27,NA
2026-03-27,NA
2026-03-27,NA
2026-03-27,NA
2026-03-27,NA
2026-03-27,86
2026-03-27,28
2026-03-27,2
2026-03-27,64
2026-03-27,1
2026-03-27,10
2026-03-27,94
2026-03-27,8
2026-03-27,29
2026-03-27,28
2026-03-27,78
2026-03-27,50
2026-03-27,61
2026-03-27,15
2026-03-27,44
2026-03-27,75
2026-03-27,46
2026-03-27,46
2026-03-27,39
2026-03-27,33
2026-03-27,7
2026-03-27,5
2026-03-27,7
2026-03-27,37
2026-03-27,23
2026-03-27,37
2026-03-27,36
2026-03-27,68
2026-03-27,NA
2026-03-27,70
2026-03-27,22
2026-03-27,5
2026-03-27,26
2026-03-27,24
2026-03-27,35
2026-03-27,5
2026-03-27,20
2026-03-27,NA
2026-03-27,61
2026-03-27,46
2026-03-27,22
2026-03-27,35
2026-03-27,39
2026-03-27,88
2026-03-27,34
2026-03-27,71
2026-03-27,10
2026-03-27,NA
2026-03-27,16
2026-03-27,86
2026-03-27,46
2026-03-27,44
2026-03-27,30
2026-03-27,40
2026-03-27,30
2026-03-27,2
2026-03-27,9
2026-03-27,53
2026-03-27,8
2026-03-27,13
2026-03-27,4
2026-03-27,10
2026-03-27,16
2026-03-27,21
2026-03-27,6
2026-03-27,29
2026-03-27,39
2026-03-27,30
2026-03-27,72
2026-03-27,49
2026-03-27,NA
2026-03-27,29
2026-03-27,NA
2026-03-27,NA
2026-03-27,94
2026-03-27,NA
2026-03-27,86
2026-03-27,NA
2026-03-27,78
2026-03-27,64
2026-03-27,NA
2026-03-27,281
2026-03-27,NA
2026-03-27,52
2026-03-27,46
2026-03-27,37
2026-03-27,71
2026-03-27,65
2026-03-27,NA
2026-03-27,34
2026-03-27,45
2026-03-27,12
2026-03-27,NA
2026-03-27,40
2026-03-27,25
2026-03-27,31
2026-03-27,31
2026-03-27,42
2026-03-27,28
2026-03-27,30
2026-03-27,19
2026-03-27,10
2026-03-27,30
2026-03-28,NA
2026-03-28,NA
2026-03-28,8
2026-03-28,8
2026-03-28,NA
2026-03-28,NA
2026-03-28,NA
2026-03-28,9
2026-03-28,15
2026-03-28,NA
2026-03-28,NA
2026-03-28,42
2026-03-28,30
2026-03-28,12
2026-03-28,10
2026-03-28,NA
2026-03-28,NA
2026-03-28,60
2026-03-28,NA
2026-03-28,NA
2026-03-28,NA
2026-03-28,62
2026-03-28,46
2026-03-28,53
2026-03-28,101
2026-03-28,NA
2026-03-28,NA
2026-03-28,93
2026-03-28,62
2026-03-28,57
2026-03-28,122
2026-03-28,21
2026-03-28,102
2026-03-28,31
2026-03-28,NA
2026-03-28,NA
2026-03-28,NA
2026-03-28,NA
2026-03-28,NA
2026-03-28,NA
2026-03-28,86
2026-03-28,28
2026-03-28,2
2026-03-28,64
2026-03-28,1
2026-03-28,10
2026-03-28,94
2026-03-28,8
2026-03-28,28
2026-03-28,28
2026-03-28,78
2026-03-28,50
2026-03-28,62
2026-03-28,15
2026-03-28,44
2026-03-28,69
2026-03-28,42
2026-03-28,46
2026-03-28,38
2026-03-28,33
2026-03-28,7
2026-03-28,5
2026-03-28,7
2026-03-28,37
2026-03-28,23
2026-03-28,39
2026-03-28,36
2026-03-28,70
2026-03-28,NA
2026-03-28,70
2026-03-28,22
2026-03-28,5
2026-03-28,26
2026-03-28,24
2026-03-28,35
2026-03-28,5
2026-03-28,20
2026-03-28,NA
2026-03-28,61
2026-03-28,46
2026-03-28,22
2026-03-28,35
2026-03-28,39
2026-03-28,88
2026-03-28,33
2026-03-28,70
2026-03-28,10
2026-03-28,NA
2026-03-28,16
2026-03-28,86
2026-03-28,45
2026-03-28,44
2026-03-28,30
2026-03-28,40
2026-03-28,30
2026-03-28,2
2026-03-28,9
2026-03-28,53
2026-03-28,9
2026-03-28,12
2026-03-28,4
2026-03-28,10
2026-03-28,16
2026-03-28,21
2026-03-28,6
2026-03-28,29
2026-03-28,39
2026-03-28,30
2026-03-28,72
2026-03-28,50
2026-03-28,NA
2026-03-28,29
2026-03-28,NA
2026-03-28,NA
2026-03-28,94
2026-03-28,NA
2026-03-28,86
2026-03-28,NA
2026-03-28,78
2026-03-28,64
2026-03-28,NA
2026-03-28,282
2026-03-28,NA
2026-03-28,52
2026-03-28,46
2026-03-28,37
2026-03-28,71
2026-03-28,65
2026-03-28,NA
2026-03-28,34
2026-03-28,45
2026-03-28,12
2026-03-28,NA
2026-03-28,40
2026-03-28,25
2026-03-28,31
2026-03-28,30
2026-03-28,43
2026-03-28,27
2026-03-28,32
2026-03-28,19
2026-03-28,10
2026-03-28,30
2026-03-29,NA
2026-03-29,NA
2026-03-29,8
2026-03-29,8
2026-03-29,NA
2026-03-29,NA
2026-03-29,NA
2026-03-29,9
2026-03-29,15
2026-03-29,NA
2026-03-29,NA
2026-03-29,42
2026-03-29,30
2026-03-29,10
2026-03-29,NA
2026-03-29,NA
2026-03-29,55
2026-03-29,NA
2026-03-29,NA
2026-03-29,NA
2026-03-29,62
2026-03-29,46
2026-03-29,53
2026-03-29,101
2026-03-29,NA
2026-03-29,NA
2026-03-29,93
2026-03-29,62
2026-03-29,57
2026-03-29,122
2026-03-29,21
2026-03-29,102
2026-03-29,31
2026-03-29,NA
2026-03-29,NA
2026-03-29,NA
2026-03-29,NA
2026-03-29,NA
2026-03-29,NA
2026-03-29,86
2026-03-29,28
2026-03-29,2
2026-03-29,63
2026-03-29,1
2026-03-29,10
2026-03-29,94
2026-03-29,8
2026-03-29,30
2026-03-29,28
2026-03-29,78
2026-03-29,50
2026-03-29,62
2026-03-29,15
2026-03-29,41
2026-03-29,67
2026-03-29,32
2026-03-29,47
2026-03-29,39
2026-03-29,33
2026-03-29,7
2026-03-29,5
2026-03-29,7
2026-03-29,37
2026-03-29,23
2026-03-29,43
2026-03-29,36
2026-03-29,69
2026-03-29,NA
2026-03-29,70
2026-03-29,22
2026-03-29,5
2026-03-29,26
2026-03-29,24
2026-03-29,35
2026-03-29,5
2026-03-29,21
2026-03-29,NA
2026-03-29,61
2026-03-29,47
2026-03-29,21
2026-03-29,35
2026-03-29,39
2026-03-29,88
2026-03-29,33
2026-03-29,68
2026-03-29,10
2026-03-29,NA
2026-03-29,16
2026-03-29,86
2026-03-29,45
2026-03-29,44
2026-03-29,30
2026-03-29,40
2026-03-29,30
2026-03-29,2
2026-03-29,9
2026-03-29,52
2026-03-29,9
2026-03-29,12
2026-03-29,4
2026-03-29,10
2026-03-29,16
2026-03-29,21
2026-03-29,5
2026-03-29,28
2026-03-29,38
2026-03-29,30
2026-03-29,72
2026-03-29,50
2026-03-29,NA
2026-03-29,29
2026-03-29,NA
2026-03-29,NA
2026-03-29,94
2026-03-29,NA
2026-03-29,86
2026-03-29,NA
2026-03-29,78
2026-03-29,64
2026-03-29,NA
2026-03-29,283
2026-03-29,NA
2026-03-29,52
2026-03-29,46
2026-03-29,36
2026-03-29,71
2026-03-29,65
2026-03-29,NA
2026-03-29,34
2026-03-29,45
2026-03-29,12
2026-03-29,NA
2026-03-29,40
2026-03-29,25
2026-03-29,31
2026-03-29,29
2026-03-29,42
2026-03-29,27
2026-03-29,32
2026-03-29,19
2026-03-29,10
2026-03-29,30
2026-03-30,NA
2026-03-30,NA
2026-03-30,8
2026-03-30,8
2026-03-30,NA
2026-03-30,NA
2026-03-30,NA
2026-03-30,9
2026-03-30,15
2026-03-30,NA
2026-03-30,NA
2026-03-30,42
2026-03-30,30
2026-03-30,11
2026-03-30,NA
2026-03-30,NA
2026-03-30,50
2026-03-30,NA
2026-03-30,NA
2026-03-30,NA
2026-03-30,63
2026-03-30,46
2026-03-30,53
2026-03-30,101
2026-03-30,NA
2026-03-30,NA
2026-03-30,93
2026-03-30,62
2026-03-30,56
2026-03-30,122
2026-03-30,22
2026-03-30,102
2026-03-30,31
2026-03-30,NA
2026-03-30,NA
2026-03-30,NA
2026-03-30,NA
2026-03-30,NA
2026-03-30,NA
2026-03-30,87
2026-03-30,28
2026-03-30,2
2026-03-30,64
2026-03-30,1
2026-03-30,10
2026-03-30,94
2026-03-30,8
2026-03-30,30
2026-03-30,28
2026-03-30,78
2026-03-30,50
2026-03-30,62
2026-03-30,15
2026-03-30,35
2026-03-30,53
2026-03-30,26
2026-03-30,47
2026-03-30,39
2026-03-30,33
2026-03-30,7
2026-03-30,5
2026-03-30,7
2026-03-30,37
2026-03-30,23
2026-03-30,47
2026-03-30,36
2026-03-30,68
2026-03-30,NA
2026-03-30,70
2026-03-30,22
2026-03-30,5
2026-03-30,26
2026-03-30,24
2026-03-30,35
2026-03-30,5
2026-03-30,21
2026-03-30,NA
2026-03-30,61
2026-03-30,49
2026-03-30,22
2026-03-30,35
2026-03-30,38
2026-03-30,87
2026-03-30,33
2026-03-30,65
2026-03-30,9
2026-03-30,NA
2026-03-30,16
2026-03-30,84
2026-03-30,43
2026-03-30,44
2026-03-30,30
2026-03-30,40
2026-03-30,29
2026-03-30,2
2026-03-30,9
2026-03-30,52
2026-03-30,9
2026-03-30,12
2026-03-30,5
2026-03-30,10
2026-03-30,16
2026-03-30,21
2026-03-30,3
2026-03-30,29
2026-03-30,38
2026-03-30,30
2026-03-30,72
2026-03-30,50
2026-03-30,NA
2026-03-30,29
2026-03-30,NA
2026-03-30,NA
2026-03-30,94
2026-03-30,NA
2026-03-30,86
2026-03-30,NA
2026-03-30,78
2026-03-30,66
2026-03-30,NA
2026-03-30,283
2026-03-30,NA
2026-03-30,52
2026-03-30,46
2026-03-30,37
2026-03-30,71
2026-03-30,65
2026-03-30,NA
2026-03-30,33
2026-03-30,45
2026-03-30,12
2026-03-30,NA
2026-03-30,40
2026-03-30,25
2026-03-30,31
2026-03-30,28
2026-03-30,43
2026-03-30,28
2026-03-30,32
2026-03-30,20
2026-03-30,10
2026-03-30,32
2026-03-31,NA
2026-03-31,NA
2026-03-31,8
2026-03-31,8
2026-03-31,NA
2026-03-31,NA
2026-03-31,NA
2026-03-31,9
2026-03-31,15
2026-03-31,NA
2026-03-31,NA
2026-03-31,42
2026-03-31,30
2026-03-31,11
2026-03-31,NA
2026-03-31,NA
2026-03-31,47
2026-03-31,NA
2026-03-31,NA
2026-03-31,NA
2026-03-31,63
2026-03-31,46
2026-03-31,53
2026-03-31,101
2026-03-31,NA
2026-03-31,NA
2026-03-31,93
2026-03-31,62
2026-03-31,56
2026-03-31,122
2026-03-31,22
2026-03-31,102
2026-03-31,30
2026-03-31,NA
2026-03-31,NA
2026-03-31,NA
2026-03-31,NA
2026-03-31,NA
2026-03-31,NA
2026-03-31,87
2026-03-31,28
2026-03-31,64
2026-03-31,1
2026-03-31,10
2026-03-31,94
2026-03-31,8
2026-03-31,28
2026-03-31,28
2026-03-31,78
2026-03-31,50
2026-03-31,61
2026-03-31,19
2026-03-31,25
2026-03-31,51
2026-03-31,16
2026-03-31,47
2026-03-31,40
2026-03-31,33
2026-03-31,7
2026-03-31,5
2026-03-31,7
2026-03-31,36
2026-03-31,23
2026-03-31,46
2026-03-31,36
2026-03-31,70
2026-03-31,NA
2026-03-31,70
2026-03-31,22
2026-03-31,4
2026-03-31,26
2026-03-31,25
2026-03-31,35
2026-03-31,5
2026-03-31,21
2026-03-31,NA
2026-03-31,59
2026-03-31,49
2026-03-31,23
2026-03-31,36
2026-03-31,39
2026-03-31,87
2026-03-31,34
2026-03-31,60
2026-03-31,9
2026-03-31,NA
2026-03-31,18
2026-03-31,86
2026-03-31,43
2026-03-31,45
2026-03-31,30
2026-03-31,40
2026-03-31,30
2026-03-31,2
2026-03-31,9
2026-03-31,45
2026-03-31,9
2026-03-31,13
2026-03-31,5
2026-03-31,10
2026-03-31,16
2026-03-31,21
2026-03-31,3
2026-03-31,29
2026-03-31,38
2026-03-31,30
2026-03-31,72
2026-03-31,50
2026-03-31,NA
2026-03-31,29
2026-03-31,NA
2026-03-31,NA
2026-03-31,93
2026-03-31,NA
2026-03-31,86
2026-03-31,NA
2026-03-31,78
2026-03-31,65
2026-03-31,NA
2026-03-31,283
2026-03-31,NA
2026-03-31,52
2026-03-31,46
2026-03-31,37
2026-03-31,71
2026-03-31,65
2026-03-31,NA
2026-03-31,33
2026-03-31,45
2026-03-31,12
2026-03-31,NA
2026-03-31,40
2026-03-31,25
2026-03-31,31
2026-03-31,30
2026-03-31,43
2026-03-31,28
2026-03-31,33
2026-03-31,20
2026-03-31,10
2026-03-31,32
2026-04-01,NA
2026-04-01,NA
2026-04-01,8
2026-04-01,8
2026-04-01,NA
2026-04-01,NA
2026-04-01,NA
2026-04-01,10
2026-04-01,15
2026-04-01,NA
2026-04-01,NA
2026-04-01,42
2026-04-01,30
2026-04-01,10
2026-04-01,NA
2026-04-01,NA
2026-04-01,42
2026-04-01,NA
2026-04-01,NA
2026-04-01,NA
2026-04-01,61
2026-04-01,46
2026-04-01,53
2026-04-01,101
2026-04-01,NA
2026-04-01,NA
2026-04-01,93
2026-04-01,62
2026-04-01,56
2026-04-01,121
2026-04-01,22
2026-04-01,102
2026-04-01,31
2026-04-01,NA
2026-04-01,NA
2026-04-01,NA
2026-04-01,NA
2026-04-01,NA
2026-04-01,NA
2026-04-01,87
2026-04-01,28
2026-04-01,64
2026-04-01,1
2026-04-01,10
2026-04-01,94
2026-04-01,9
2026-04-01,30
2026-04-01,28
2026-04-01,78
2026-04-01,50
2026-04-01,61
2026-04-01,20
2026-04-01,16
2026-04-01,44
2026-04-01,47
2026-04-01,40
2026-04-01,33
2026-04-01,7
2026-04-01,5
2026-04-01,8
2026-04-01,35
2026-04-01,23
2026-04-01,45
2026-04-01,36
2026-04-01,70
2026-04-01,NA
2026-04-01,69
2026-04-01,22
2026-04-01,4
2026-04-01,26
2026-04-01,22
2026-04-01,35
2026-04-01,5
2026-04-01,21
2026-04-01,NA
2026-04-01,60
2026-04-01,49
2026-04-01,23
2026-04-01,38
2026-04-01,39
2026-04-01,86
2026-04-01,35
2026-04-01,52
2026-04-01,8
2026-04-01,NA
2026-04-01,19
2026-04-01,86
2026-04-01,45
2026-04-01,45
2026-04-01,30
2026-04-01,40
2026-04-01,30
2026-04-01,2
2026-04-01,9
2026-04-01,43
2026-04-01,10
2026-04-01,13
2026-04-01,6
2026-04-01,10
2026-04-01,15
2026-04-01,21
2026-04-01,3
2026-04-01,29
2026-04-01,38
2026-04-01,30
2026-04-01,72
2026-04-01,50
2026-04-01,NA
2026-04-01,30
2026-04-01,NA
2026-04-01,NA
2026-04-01,92
2026-04-01,NA
2026-04-01,85
2026-04-01,NA
2026-04-01,78
2026-04-01,67
2026-04-01,NA
2026-04-01,283
2026-04-01,NA
2026-04-01,52
2026-04-01,46
2026-04-01,37
2026-04-01,71
2026-04-01,65
2026-04-01,NA
2026-04-01,33
2026-04-01,45
2026-04-01,12
2026-04-01,NA
2026-04-01,40
2026-04-01,25
2026-04-01,31
2026-04-01,31
2026-04-01,42
2026-04-01,26
2026-04-01,33
2026-04-01,20
2026-04-01,10
2026-04-01,31
2026-04-02,NA
2026-04-02,NA
2026-04-02,8
2026-04-02,8
2026-04-02,NA
2026-04-02,NA
2026-04-02,NA
2026-04-02,10
2026-04-02,15
2026-04-02,NA
2026-04-02,NA
2026-04-02,42
2026-04-02,30
2026-04-02,10
2026-04-02,NA
2026-04-02,NA
2026-04-02,39
2026-04-02,NA
2026-04-02,NA
2026-04-02,NA
2026-04-02,62
2026-04-02,46
2026-04-02,53
2026-04-02,101
2026-04-02,NA
2026-04-02,NA
2026-04-02,93
2026-04-02,62
2026-04-02,55
2026-04-02,122
2026-04-02,22
2026-04-02,102
2026-04-02,30
2026-04-02,NA
2026-04-02,NA
2026-04-02,NA
2026-04-02,NA
2026-04-02,NA
2026-04-02,NA
2026-04-02,87
2026-04-02,28
2026-04-02,64
2026-04-02,2
2026-04-02,10
2026-04-02,94
2026-04-02,9
2026-04-02,30
2026-04-02,28
2026-04-02,78
2026-04-02,50
2026-04-02,62
2026-04-02,19
2026-04-02,7
2026-04-02,36
2026-04-02,47
2026-04-02,39
2026-04-02,33
2026-04-02,7
2026-04-02,5
2026-04-02,8
2026-04-02,35
2026-04-02,23
2026-04-02,47
2026-04-02,36
2026-04-02,70
2026-04-02,NA
2026-04-02,69
2026-04-02,22
2026-04-02,5
2026-04-02,26
2026-04-02,21
2026-04-02,35
2026-04-02,5
2026-04-02,21
2026-04-02,NA
2026-04-02,61
2026-04-02,49
2026-04-02,23
2026-04-02,38
2026-04-02,39
2026-04-02,87
2026-04-02,35
2026-04-02,46
2026-04-02,6
2026-04-02,NA
2026-04-02,20
2026-04-02,85
2026-04-02,46
2026-04-02,43
2026-04-02,30
2026-04-02,40
2026-04-02,29
2026-04-02,2
2026-04-02,9
2026-04-02,47
2026-04-02,10
2026-04-02,13
2026-04-02,6
2026-04-02,10
2026-04-02,15
2026-04-02,21
2026-04-02,6
2026-04-02,29
2026-04-02,39
2026-04-02,30
2026-04-02,72
2026-04-02,50
2026-04-02,NA
2026-04-02,30
2026-04-02,NA
2026-04-02,NA
2026-04-02,92
2026-04-02,NA
2026-04-02,86
2026-04-02,NA
2026-04-02,78
2026-04-02,67
2026-04-02,NA
2026-04-02,283
2026-04-02,NA
2026-04-02,52
2026-04-02,46
2026-04-02,37
2026-04-02,71
2026-04-02,65
2026-04-02,NA
2026-04-02,34
2026-04-02,45
2026-04-02,11
2026-04-02,NA
2026-04-02,40
2026-04-02,25
2026-04-02,31
2026-04-02,31
2026-04-02,43
2026-04-02,28
2026-04-02,32
2026-04-02,20
2026-04-02,10
2026-04-02,30
2026-04-03,NA
2026-04-03,NA
2026-04-03,7
2026-04-03,8
2026-04-03,NA
2026-04-03,NA
2026-04-03,NA
2026-04-03,10
2026-04-03,15
2026-04-03,NA
2026-04-03,NA
2026-04-03,42
2026-04-03,30
2026-04-03,10
2026-04-03,NA
2026-04-03,NA
2026-04-03,38
2026-04-03,NA
2026-04-03,NA
2026-04-03,NA
2026-04-03,61
2026-04-03,46
2026-04-03,53
2026-04-03,101
2026-04-03,NA
2026-04-03,NA
2026-04-03,93
2026-04-03,62
2026-04-03,55
2026-04-03,122
2026-04-03,22
2026-04-03,103
2026-04-03,30
2026-04-03,NA
2026-04-03,NA
2026-04-03,NA
2026-04-03,NA
2026-04-03,NA
2026-04-03,NA
2026-04-03,86
2026-04-03,28
2026-04-03,64
2026-04-03,2
2026-04-03,10
2026-04-03,94
2026-04-03,9
2026-04-03,30
2026-04-03,28
2026-04-03,78
2026-04-03,50
2026-04-03,62
2026-04-03,19
2026-04-03,2
2026-04-03,25
2026-04-03,47
2026-04-03,40
2026-04-03,33
2026-04-03,7
2026-04-03,5
2026-04-03,8
2026-04-03,37
2026-04-03,23
2026-04-03,48
2026-04-03,36
2026-04-03,70
2026-04-03,NA
2026-04-03,67
2026-04-03,22
2026-04-03,5
2026-04-03,26
2026-04-03,20
2026-04-03,35
2026-04-03,5
2026-04-03,21
2026-04-03,NA
2026-04-03,60
2026-04-03,49
2026-04-03,23
2026-04-03,37
2026-04-03,39
2026-04-03,88
2026-04-03,36
2026-04-03,42
2026-04-03,6
2026-04-03,NA
2026-04-03,20
2026-04-03,83
2026-04-03,45
2026-04-03,44
2026-04-03,30
2026-04-03,41
2026-04-03,29
2026-04-03,2
2026-04-03,9
2026-04-03,46
2026-04-03,10
2026-04-03,13
2026-04-03,6
2026-04-03,10
2026-04-03,15
2026-04-03,21
2026-04-03,6
2026-04-03,29
2026-04-03,39
2026-04-03,30
2026-04-03,72
2026-04-03,50
2026-04-03,NA
2026-04-03,30
2026-04-03,NA
2026-04-03,NA
2026-04-03,92
2026-04-03,NA
2026-04-03,86
2026-04-03,NA
2026-04-03,78
2026-04-03,67
2026-04-03,NA
2026-04-03,283
2026-04-03,NA
2026-04-03,52
2026-04-03,46
2026-04-03,37
2026-04-03,71
2026-04-03,65
2026-04-03,NA
2026-04-03,34
2026-04-03,45
2026-04-03,11
2026-04-03,NA
2026-04-03,40
2026-04-03,25
2026-04-03,31
2026-04-03,31
2026-04-03,43
2026-04-03,28
2026-04-03,31
2026-04-03,20
2026-04-03,10
2026-04-03,30
2026-04-04,NA
2026-04-04,NA
2026-04-04,7
2026-04-04,8
2026-04-04,NA
2026-04-04,NA
2026-04-04,10
2026-04-04,15
2026-04-04,NA
2026-04-04,NA
2026-04-04,42
2026-04-04,30
2026-04-04,10
2026-04-04,NA
2026-04-04,NA
2026-04-04,37
2026-04-04,NA
2026-04-04,NA
2026-04-04,NA
2026-04-04,60
2026-04-04,46
2026-04-04,53
2026-04-04,101
2026-04-04,NA
2026-04-04,NA
2026-04-04,93
2026-04-04,62
2026-04-04,56
2026-04-04,122
2026-04-04,21
2026-04-04,103
2026-04-04,30
2026-04-04,NA
2026-04-04,NA
2026-04-04,NA
2026-04-04,NA
2026-04-04,NA
2026-04-04,NA
2026-04-04,87
2026-04-04,28
2026-04-04,64
2026-04-04,2
2026-04-04,10
2026-04-04,94
2026-04-04,9
2026-04-04,30
2026-04-04,28
2026-04-04,78
2026-04-04,50
2026-04-04,62
2026-04-04,18
2026-04-04,18
2026-04-04,47
2026-04-04,39
2026-04-04,33
2026-04-04,7
2026-04-04,5
2026-04-04,8
2026-04-04,36
2026-04-04,23
2026-04-04,44
2026-04-04,36
2026-04-04,70
2026-04-04,NA
2026-04-04,67
2026-04-04,22
2026-04-04,5
2026-04-04,26
2026-04-04,20
2026-04-04,35
2026-04-04,5
2026-04-04,21
2026-04-04,NA
2026-04-04,59
2026-04-04,49
2026-04-04,23
2026-04-04,37
2026-04-04,38
2026-04-04,88
2026-04-04,37
2026-04-04,35
2026-04-04,5
2026-04-04,NA
2026-04-04,20
2026-04-04,85
2026-04-04,45
2026-04-04,40
2026-04-04,30
2026-04-04,41
2026-04-04,29
2026-04-04,2
2026-04-04,9
2026-04-04,47
2026-04-04,9
2026-04-04,13
2026-04-04,6
2026-04-04,10
2026-04-04,15
2026-04-04,21
2026-04-04,6
2026-04-04,29
2026-04-04,39
2026-04-04,30
2026-04-04,72
2026-04-04,50
2026-04-04,NA
2026-04-04,29
2026-04-04,NA
2026-04-04,NA
2026-04-04,90
2026-04-04,NA
2026-04-04,86
2026-04-04,NA
2026-04-04,78
2026-04-04,68
2026-04-04,NA
2026-04-04,283
2026-04-04,NA
2026-04-04,52
2026-04-04,46
2026-04-04,37
2026-04-04,71
2026-04-04,65
2026-04-04,NA
2026-04-04,34
2026-04-04,45
2026-04-04,12
2026-04-04,NA
2026-04-04,40
2026-04-04,25
2026-04-04,31
2026-04-04,31
2026-04-04,43
2026-04-04,28
2026-04-04,31
2026-04-04,20
2026-04-04,10
2026-04-04,30
2026-04-05,NA
2026-04-05,NA
2026-04-05,7
2026-04-05,8
2026-04-05,NA
2026-04-05,NA
2026-04-05,10
2026-04-05,15
2026-04-05,NA
2026-04-05,NA
2026-04-05,42
2026-04-05,30
2026-04-05,10
2026-04-05,NA
2026-04-05,NA
2026-04-05,37
2026-04-05,NA
2026-04-05,NA
2026-04-05,NA
2026-04-05,60
2026-04-05,46
2026-04-05,53
2026-04-05,101
2026-04-05,NA
2026-04-05,NA
2026-04-05,93
2026-04-05,62
2026-04-05,56
2026-04-05,122
2026-04-05,21
2026-04-05,103
2026-04-05,30
2026-04-05,NA
2026-04-05,NA
2026-04-05,NA
2026-04-05,NA
2026-04-05,NA
2026-04-05,NA
2026-04-05,86
2026-04-05,28
2026-04-05,64
2026-04-05,2
2026-04-05,10
2026-04-05,93
2026-04-05,9
2026-04-05,30
2026-04-05,28
2026-04-05,78
2026-04-05,50
2026-04-05,62
2026-04-05,18
2026-04-05,11
2026-04-05,47
2026-04-05,39
2026-04-05,33
2026-04-05,7
2026-04-05,5
2026-04-05,8
2026-04-05,36
2026-04-05,23
2026-04-05,45
2026-04-05,36
2026-04-05,70
2026-04-05,NA
2026-04-05,67
2026-04-05,22
2026-04-05,5
2026-04-05,26
2026-04-05,20
2026-04-05,35
2026-04-05,5
2026-04-05,21
2026-04-05,NA
2026-04-05,59
2026-04-05,49
2026-04-05,23
2026-04-05,37
2026-04-05,39
2026-04-05,87
2026-04-05,37
2026-04-05,31
2026-04-05,4
2026-04-05,NA
2026-04-05,20
2026-04-05,85
2026-04-05,45
2026-04-05,43
2026-04-05,30
2026-04-05,41
2026-04-05,30
2026-04-05,2
2026-04-05,9
2026-04-05,48
2026-04-05,10
2026-04-05,13
2026-04-05,6
2026-04-05,10
2026-04-05,16
2026-04-05,21
2026-04-05,5
2026-04-05,29
2026-04-05,38
2026-04-05,30
2026-04-05,72
2026-04-05,50
2026-04-05,NA
2026-04-05,30
2026-04-05,NA
2026-04-05,NA
2026-04-05,90
2026-04-05,NA
2026-04-05,86
2026-04-05,NA
2026-04-05,78
2026-04-05,68
2026-04-05,NA
2026-04-05,283
2026-04-05,NA
2026-04-05,52
2026-04-05,46
2026-04-05,37
2026-04-05,71
2026-04-05,65
2026-04-05,NA
2026-04-05,34
2026-04-05,45
2026-04-05,12
2026-04-05,NA
2026-04-05,40
2026-04-05,25
2026-04-05,31
2026-04-05,31
2026-04-05,41
2026-04-05,28
2026-04-05,33
2026-04-05,20
2026-04-05,9
2026-04-05,30
2026-04-06,NA
2026-04-06,NA
2026-04-06,7
2026-04-06,8
2026-04-06,NA
2026-04-06,NA
2026-04-06,10
2026-04-06,15
2026-04-06,NA
2026-04-06,NA
2026-04-06,42
2026-04-06,30
2026-04-06,12
2026-04-06,10
2026-04-06,NA
2026-04-06,NA
2026-04-06,42
2026-04-06,NA
2026-04-06,NA
2026-04-06,NA
2026-04-06,60
2026-04-06,46
2026-04-06,53
2026-04-06,101
2026-04-06,NA
2026-04-06,NA
2026-04-06,93
2026-04-06,62
2026-04-06,56
2026-04-06,121
2026-04-06,21
2026-04-06,101
2026-04-06,30
2026-04-06,NA
2026-04-06,NA
2026-04-06,NA
2026-04-06,NA
2026-04-06,NA
2026-04-06,NA
2026-04-06,85
2026-04-06,28
2026-04-06,64
2026-04-06,10
2026-04-06,93
2026-04-06,9
2026-04-06,29
2026-04-06,28
2026-04-06,78
2026-04-06,50
2026-04-06,60
2026-04-06,17
2026-04-06,11
2026-04-06,46
2026-04-06,13
2026-04-06,47
2026-04-06,40
2026-04-06,33
2026-04-06,7
2026-04-06,5
2026-04-06,8
2026-04-06,36
2026-04-06,23
2026-04-06,44
2026-04-06,36
2026-04-06,69
2026-04-06,NA
2026-04-06,65
2026-04-06,22
2026-04-06,5
2026-04-06,26
2026-04-06,20
2026-04-06,35
2026-04-06,5
2026-04-06,21
2026-04-06,NA
2026-04-06,59
2026-04-06,49
2026-04-06,23
2026-04-06,37
2026-04-06,39
2026-04-06,87
2026-04-06,36
2026-04-06,31
2026-04-06,4
2026-04-06,NA
2026-04-06,20
2026-04-06,85
2026-04-06,45
2026-04-06,44
2026-04-06,30
2026-04-06,41
2026-04-06,30
2026-04-06,2
2026-04-06,9
2026-04-06,47
2026-04-06,10
2026-04-06,12
2026-04-06,6
2026-04-06,10
2026-04-06,16
2026-04-06,21
2026-04-06,6
2026-04-06,29
2026-04-06,39
2026-04-06,30
2026-04-06,72
2026-04-06,48
2026-04-06,NA
2026-04-06,27
2026-04-06,NA
2026-04-06,NA
2026-04-06,90
2026-04-06,NA
2026-04-06,86
2026-04-06,NA
2026-04-06,78
2026-04-06,66
2026-04-06,NA
2026-04-06,283
2026-04-06,NA
2026-04-06,52
2026-04-06,46
2026-04-06,37
2026-04-06,71
2026-04-06,65
2026-04-06,NA
2026-04-06,33
2026-04-06,45
2026-04-06,12
2026-04-06,NA
2026-04-06,40
2026-04-06,25
2026-04-06,31
2026-04-06,31
2026-04-06,42
2026-04-06,27
2026-04-06,33
2026-04-06,20
2026-04-06,9
2026-04-06,30
2026-04-07,NA
2026-04-07,NA
2026-04-07,7
2026-04-07,8
2026-04-07,NA
2026-04-07,NA
2026-04-07,10
2026-04-07,15
2026-04-07,NA
2026-04-07,NA
2026-04-07,41
2026-04-07,30
2026-04-07,20
2026-04-07,10
2026-04-07,NA
2026-04-07,NA
2026-04-07,48
2026-04-07,NA
2026-04-07,NA
2026-04-07,NA
2026-04-07,60
2026-04-07,46
2026-04-07,53
2026-04-07,101
2026-04-07,NA
2026-04-07,NA
2026-04-07,93
2026-04-07,62
2026-04-07,56
2026-04-07,122
2026-04-07,21
2026-04-07,101
2026-04-07,29
2026-04-07,NA
2026-04-07,NA
2026-04-07,NA
2026-04-07,NA
2026-04-07,NA
2026-04-07,NA
2026-04-07,85
2026-04-07,28
2026-04-07,64
2026-04-07,10
2026-04-07,93
2026-04-07,9
2026-04-07,28
2026-04-07,28
2026-04-07,77
2026-04-07,49
2026-04-07,62
2026-04-07,17
2026-04-07,26
2026-04-07,75
2026-04-07,24
2026-04-07,47
2026-04-07,39
2026-04-07,33
2026-04-07,7
2026-04-07,5
2026-04-07,8
2026-04-07,36
2026-04-07,23
2026-04-07,43
2026-04-07,36
2026-04-07,70
2026-04-07,NA
2026-04-07,65
2026-04-07,21
2026-04-07,5
2026-04-07,26
2026-04-07,20
2026-04-07,35
2026-04-07,5
2026-04-07,21
2026-04-07,NA
2026-04-07,60
2026-04-07,46
2026-04-07,23
2026-04-07,37
2026-04-07,39
2026-04-07,87
2026-04-07,37
2026-04-07,28
2026-04-07,4
2026-04-07,NA
2026-04-07,20
2026-04-07,84
2026-04-07,45
2026-04-07,43
2026-04-07,29
2026-04-07,41
2026-04-07,30
2026-04-07,2
2026-04-07,9
2026-04-07,48
2026-04-07,8
2026-04-07,12
2026-04-07,6
2026-04-07,10
2026-04-07,16
2026-04-07,21
2026-04-07,5
2026-04-07,29
2026-04-07,39
2026-04-07,30
2026-04-07,72
2026-04-07,50
2026-04-07,NA
2026-04-07,29
2026-04-07,NA
2026-04-07,NA
2026-04-07,91
2026-04-07,NA
2026-04-07,86
2026-04-07,NA
2026-04-07,78
2026-04-07,65
2026-04-07,NA
2026-04-07,281
2026-04-07,NA
2026-04-07,51
2026-04-07,46
2026-04-07,37
2026-04-07,71
2026-04-07,65
2026-04-07,NA
2026-04-07,33
2026-04-07,45
2026-04-07,12
2026-04-07,NA
2026-04-07,40
2026-04-07,25
2026-04-07,31
2026-04-07,31
2026-04-07,42
2026-04-07,26
2026-04-07,33
2026-04-07,20
2026-04-07,9
2026-04-07,32
2026-04-08,NA
2026-04-08,NA
2026-04-08,7
2026-04-08,7
2026-04-08,NA
2026-04-08,NA
2026-04-08,10
2026-04-08,15
2026-04-08,NA
2026-04-08,NA
2026-04-08,40
2026-04-08,30
2026-04-08,11
2026-04-08,10
2026-04-08,NA
2026-04-08,NA
2026-04-08,45
2026-04-08,NA
2026-04-08,NA
2026-04-08,NA
2026-04-08,60
2026-04-08,46
2026-04-08,52
2026-04-08,101
2026-04-08,NA
2026-04-08,NA
2026-04-08,93
2026-04-08,62
2026-04-08,56
2026-04-08,121
2026-04-08,21
2026-04-08,102
2026-04-08,30
2026-04-08,NA
2026-04-08,NA
2026-04-08,NA
2026-04-08,NA
2026-04-08,NA
2026-04-08,NA
2026-04-08,85
2026-04-08,28
2026-04-08,64
2026-04-08,1
2026-04-08,10
2026-04-08,94
2026-04-08,9
2026-04-08,26
2026-04-08,28
2026-04-08,77
2026-04-08,50
2026-04-08,62
2026-04-08,16
2026-04-08,23
2026-04-08,74
2026-04-08,25
2026-04-08,47
2026-04-08,40
2026-04-08,33
2026-04-08,7
2026-04-08,5
2026-04-08,9
2026-04-08,34
2026-04-08,23
2026-04-08,40
2026-04-08,36
2026-04-08,67
2026-04-08,NA
2026-04-08,64
2026-04-08,22
2026-04-08,5
2026-04-08,26
2026-04-08,20
2026-04-08,35
2026-04-08,4
2026-04-08,21
2026-04-08,NA
2026-04-08,59
2026-04-08,44
2026-04-08,23
2026-04-08,37
2026-04-08,39
2026-04-08,86
2026-04-08,32
2026-04-08,23
2026-04-08,4
2026-04-08,NA
2026-04-08,20
2026-04-08,86
2026-04-08,45
2026-04-08,44
2026-04-08,30
2026-04-08,41
2026-04-08,30
2026-04-08,2
2026-04-08,9
2026-04-08,50
2026-04-08,10
2026-04-08,12
2026-04-08,7
2026-04-08,9
2026-04-08,16
2026-04-08,21
2026-04-08,5
2026-04-08,29
2026-04-08,39
2026-04-08,30
2026-04-08,72
2026-04-08,50
2026-04-08,NA
2026-04-08,29
2026-04-08,NA
2026-04-08,NA
2026-04-08,92
2026-04-08,NA
2026-04-08,86
2026-04-08,NA
2026-04-08,78
2026-04-08,65
2026-04-08,NA
2026-04-08,283
2026-04-08,NA
2026-04-08,52
2026-04-08,46
2026-04-08,37
2026-04-08,71
2026-04-08,65
2026-04-08,NA
2026-04-08,33
2026-04-08,45
2026-04-08,12
2026-04-08,NA
2026-04-08,40
2026-04-08,25
2026-04-08,30
2026-04-08,31
2026-04-08,43
2026-04-08,28
2026-04-08,33
2026-04-08,20
2026-04-08,10
2026-04-08,32
2026-04-09,NA
2026-04-09,NA
2026-04-09,7
2026-04-09,7
2026-04-09,NA
2026-04-09,NA
2026-04-09,10
2026-04-09,15
2026-04-09,NA
2026-04-09,NA
2026-04-09,41
2026-04-09,30
2026-04-09,10
2026-04-09,NA
2026-04-09,NA
2026-04-09,42
2026-04-09,NA
2026-04-09,NA
2026-04-09,NA
2026-04-09,59
2026-04-09,46
2026-04-09,53
2026-04-09,100
2026-04-09,NA
2026-04-09,NA
2026-04-09,93
2026-04-09,62
2026-04-09,56
2026-04-09,122
2026-04-09,21
2026-04-09,101
2026-04-09,30
2026-04-09,NA
2026-04-09,NA
2026-04-09,NA
2026-04-09,NA
2026-04-09,NA
2026-04-09,NA
2026-04-09,86
2026-04-09,28
2026-04-09,64
2026-04-09,1
2026-04-09,10
2026-04-09,94
2026-04-09,9
2026-04-09,30
2026-04-09,28
2026-04-09,78
2026-04-09,50
2026-04-09,61
2026-04-09,17
2026-04-09,10
2026-04-09,63
2026-04-09,6
2026-04-09,47
2026-04-09,37
2026-04-09,33
2026-04-09,7
2026-04-09,5
2026-04-09,9
2026-04-09,36
2026-04-09,23
2026-04-09,39
2026-04-09,36
2026-04-09,66
2026-04-09,NA
2026-04-09,65
2026-04-09,22
2026-04-09,5
2026-04-09,26
2026-04-09,20
2026-04-09,35
2026-04-09,4
2026-04-09,21
2026-04-09,NA
2026-04-09,58
2026-04-09,46
2026-04-09,23
2026-04-09,38
2026-04-09,39
2026-04-09,84
2026-04-09,30
2026-04-09,21
2026-04-09,4
2026-04-09,NA
2026-04-09,20
2026-04-09,86
2026-04-09,47
2026-04-09,42
2026-04-09,30
2026-04-09,41
2026-04-09,30
2026-04-09,2
2026-04-09,9
2026-04-09,50
2026-04-09,12
2026-04-09,12
2026-04-09,7
2026-04-09,9
2026-04-09,16
2026-04-09,21
2026-04-09,5
2026-04-09,29
2026-04-09,39
2026-04-09,30
2026-04-09,72
2026-04-09,50
2026-04-09,NA
2026-04-09,30
2026-04-09,NA
2026-04-09,NA
2026-04-09,93
2026-04-09,NA
2026-04-09,86
2026-04-09,NA
2026-04-09,78
2026-04-09,64
2026-04-09,NA
2026-04-09,283
2026-04-09,NA
2026-04-09,52
2026-04-09,46
2026-04-09,36
2026-04-09,71
2026-04-09,65
2026-04-09,NA
2026-04-09,35
2026-04-09,45
2026-04-09,12
2026-04-09,NA
2026-04-09,40
2026-04-09,25
2026-04-09,31
2026-04-09,30
2026-04-09,42
2026-04-09,27
2026-04-09,33
2026-04-09,20
2026-04-09,10
2026-04-09,32
2026-04-10,NA
2026-04-10,NA
2026-04-10,7
2026-04-10,7
2026-04-10,NA
2026-04-10,NA
2026-04-10,10
2026-04-10,15
2026-04-10,NA
2026-04-10,NA
2026-04-10,41
2026-04-10,30
2026-04-10,10
2026-04-10,NA
2026-04-10,NA
2026-04-10,39
2026-04-10,NA
2026-04-10,NA
2026-04-10,NA
2026-04-10,59
2026-04-10,46
2026-04-10,53
2026-04-10,101
2026-04-10,NA
2026-04-10,NA
2026-04-10,93
2026-04-10,62
2026-04-10,55
2026-04-10,121
2026-04-10,21
2026-04-10,103
2026-04-10,29
2026-04-10,NA
2026-04-10,NA
2026-04-10,NA
2026-04-10,NA
2026-04-10,NA
2026-04-10,NA
2026-04-10,88
2026-04-10,28
2026-04-10,64
2026-04-10,1
2026-04-10,10
2026-04-10,93
2026-04-10,9
2026-04-10,29
2026-04-10,28
2026-04-10,78
2026-04-10,50
2026-04-10,59
2026-04-10,18
2026-04-10,8
2026-04-10,58
2026-04-10,47
2026-04-10,39
2026-04-10,33
2026-04-10,7
2026-04-10,5
2026-04-10,9
2026-04-10,36
2026-04-10,23
2026-04-10,39
2026-04-10,36
2026-04-10,68
2026-04-10,NA
2026-04-10,70
2026-04-10,20
2026-04-10,4
2026-04-10,26
2026-04-10,23
2026-04-10,35
2026-04-10,4
2026-04-10,21
2026-04-10,NA
2026-04-10,58
2026-04-10,50
2026-04-10,22
2026-04-10,38
2026-04-10,39
2026-04-10,85
2026-04-10,31
2026-04-10,20
2026-04-10,4
2026-04-10,NA
2026-04-10,20
2026-04-10,85
2026-04-10,48
2026-04-10,43
2026-04-10,29
2026-04-10,41
2026-04-10,30
2026-04-10,2
2026-04-10,9
2026-04-10,49
2026-04-10,13
2026-04-10,13
2026-04-10,7
2026-04-10,9
2026-04-10,16
2026-04-10,21
2026-04-10,6
2026-04-10,29
2026-04-10,38
2026-04-10,30
2026-04-10,72
2026-04-10,50
2026-04-10,NA
2026-04-10,30
2026-04-10,NA
2026-04-10,NA
2026-04-10,92
2026-04-10,NA
2026-04-10,86
2026-04-10,NA
2026-04-10,78
2026-04-10,64
2026-04-10,NA
2026-04-10,283
2026-04-10,NA
2026-04-10,52
2026-04-10,46
2026-04-10,37
2026-04-10,71
2026-04-10,65
2026-04-10,NA
2026-04-10,35
2026-04-10,45
2026-04-10,12
2026-04-10,NA
2026-04-10,40
2026-04-10,25
2026-04-10,31
2026-04-10,30
2026-04-10,43
2026-04-10,28
2026-04-10,32
2026-04-10,20
2026-04-10,10
2026-04-10,32
2026-04-11,NA
2026-04-11,NA
2026-04-11,7
2026-04-11,7
2026-04-11,NA
2026-04-11,NA
2026-04-11,10
2026-04-11,15
2026-04-11,NA
2026-04-11,NA
2026-04-11,41
2026-04-11,30
2026-04-11,10
2026-04-11,NA
2026-04-11,NA
2026-04-11,39
2026-04-11,NA
2026-04-11,NA
2026-04-11,NA
2026-04-11,59
2026-04-11,45
2026-04-11,53
2026-04-11,100
2026-04-11,NA
2026-04-11,NA
2026-04-11,93
2026-04-11,62
2026-04-11,53
2026-04-11,122
2026-04-11,21
2026-04-11,103
2026-04-11,29
2026-04-11,NA
2026-04-11,NA
2026-04-11,NA
2026-04-11,NA
2026-04-11,NA
2026-04-11,NA
2026-04-11,88
2026-04-11,28
2026-04-11,64
2026-04-11,1
2026-04-11,10
2026-04-11,94
2026-04-11,9
2026-04-11,28
2026-04-11,28
2026-04-11,78
2026-04-11,50
2026-04-11,61
2026-04-11,18
2026-04-11,4
2026-04-11,48
2026-04-11,47
2026-04-11,40
2026-04-11,33
2026-04-11,7
2026-04-11,5
2026-04-11,9
2026-04-11,36
2026-04-11,23
2026-04-11,40
2026-04-11,36
2026-04-11,68
2026-04-11,NA
2026-04-11,70
2026-04-11,16
2026-04-11,5
2026-04-11,26
2026-04-11,23
2026-04-11,35
2026-04-11,4
2026-04-11,21
2026-04-11,NA
2026-04-11,60
2026-04-11,50
2026-04-11,23
2026-04-11,38
2026-04-11,39
2026-04-11,86
2026-04-11,31
2026-04-11,18
2026-04-11,4
2026-04-11,NA
2026-04-11,20
2026-04-11,85
2026-04-11,49
2026-04-11,44
2026-04-11,30
2026-04-11,41
2026-04-11,30
2026-04-11,2
2026-04-11,9
2026-04-11,48
2026-04-11,11
2026-04-11,13
2026-04-11,7
2026-04-11,9
2026-04-11,16
2026-04-11,21
2026-04-11,6
2026-04-11,29
2026-04-11,39
2026-04-11,30
2026-04-11,72
2026-04-11,50
2026-04-11,NA
2026-04-11,29
2026-04-11,NA
2026-04-11,NA
2026-04-11,92
2026-04-11,NA
2026-04-11,86
2026-04-11,NA
2026-04-11,78
2026-04-11,67
2026-04-11,NA
2026-04-11,283
2026-04-11,NA
2026-04-11,52
2026-04-11,46
2026-04-11,37
2026-04-11,71
2026-04-11,65
2026-04-11,NA
2026-04-11,35
2026-04-11,45
2026-04-11,12
2026-04-11,NA
2026-04-11,40
2026-04-11,25
2026-04-11,31
2026-04-11,30
2026-04-11,43
2026-04-11,28
2026-04-11,33
2026-04-11,20
2026-04-11,10
2026-04-11,32
2026-04-12,NA
2026-04-12,NA
2026-04-12,7
2026-04-12,7
2026-04-12,NA
2026-04-12,NA
2026-04-12,10
2026-04-12,15
2026-04-12,NA
2026-04-12,NA
2026-04-12,41
2026-04-12,30
2026-04-12,10
2026-04-12,NA
2026-04-12,NA
2026-04-12,35
2026-04-12,NA
2026-04-12,NA
2026-04-12,NA
2026-04-12,59
2026-04-12,45
2026-04-12,53
2026-04-12,101
2026-04-12,NA
2026-04-12,NA
2026-04-12,93
2026-04-12,62
2026-04-12,53
2026-04-12,122
2026-04-12,21
2026-04-12,102
2026-04-12,29
2026-04-12,NA
2026-04-12,NA
2026-04-12,NA
2026-04-12,NA
2026-04-12,NA
2026-04-12,NA
2026-04-12,88
2026-04-12,28
2026-04-12,64
2026-04-12,1
2026-04-12,10
2026-04-12,94
2026-04-12,9
2026-04-12,30
2026-04-12,28
2026-04-12,78
2026-04-12,50
2026-04-12,60
2026-04-12,19
2026-04-12,28
2026-04-12,47
2026-04-12,40
2026-04-12,33
2026-04-12,7
2026-04-12,5
2026-04-12,9
2026-04-12,36
2026-04-12,23
2026-04-12,41
2026-04-12,36
2026-04-12,68
2026-04-12,NA
2026-04-12,70
2026-04-12,12
2026-04-12,5
2026-04-12,26
2026-04-12,24
2026-04-12,35
2026-04-12,4
2026-04-12,21
2026-04-12,NA
2026-04-12,60
2026-04-12,50
2026-04-12,23
2026-04-12,38
2026-04-12,39
2026-04-12,86
2026-04-12,31
2026-04-12,16
2026-04-12,4
2026-04-12,NA
2026-04-12,20
2026-04-12,84
2026-04-12,49
2026-04-12,44
2026-04-12,29
2026-04-12,41
2026-04-12,30
2026-04-12,2
2026-04-12,9
2026-04-12,46
2026-04-12,11
2026-04-12,13
2026-04-12,7
2026-04-12,9
2026-04-12,16
2026-04-12,21
2026-04-12,6
2026-04-12,29
2026-04-12,39
2026-04-12,30
2026-04-12,72
2026-04-12,50
2026-04-12,NA
2026-04-12,30
2026-04-12,NA
2026-04-12,NA
2026-04-12,92
2026-04-12,NA
2026-04-12,86
2026-04-12,NA
2026-04-12,78
2026-04-12,68
2026-04-12,NA
2026-04-12,282
2026-04-12,NA
2026-04-12,52
2026-04-12,46
2026-04-12,37
2026-04-12,71
2026-04-12,65
2026-04-12,NA
2026-04-12,35
2026-04-12,45
2026-04-12,12
2026-04-12,NA
2026-04-12,40
2026-04-12,25
2026-04-12,31
2026-04-12,31
2026-04-12,43
2026-04-12,28
2026-04-12,33
2026-04-12,20
2026-04-12,10
2026-04-12,32
2026-04-13,NA
2026-04-13,NA
2026-04-13,8
2026-04-13,8
2026-04-13,NA
2026-04-13,NA
2026-04-13,10
2026-04-13,15
2026-04-13,NA
2026-04-13,NA
2026-04-13,41
2026-04-13,30
2026-04-13,10
2026-04-13,NA
2026-04-13,NA
2026-04-13,35
2026-04-13,NA
2026-04-13,NA
2026-04-13,NA
2026-04-13,59
2026-04-13,45
2026-04-13,53
2026-04-13,101
2026-04-13,NA
2026-04-13,NA
2026-04-13,93
2026-04-13,62
2026-04-13,53
2026-04-13,120
2026-04-13,21
2026-04-13,101
2026-04-13,28
2026-04-13,NA
2026-04-13,NA
2026-04-13,NA
2026-04-13,NA
2026-04-13,NA
2026-04-13,NA
2026-04-13,86
2026-04-13,28
2026-04-13,64
2026-04-13,2
2026-04-13,10
2026-04-13,94
2026-04-13,9
2026-04-13,30
2026-04-13,28
2026-04-13,78
2026-04-13,49
2026-04-13,61
2026-04-13,20
2026-04-13,20
2026-04-13,46
2026-04-13,40
2026-04-13,33
2026-04-13,6
2026-04-13,5
2026-04-13,9
2026-04-13,36
2026-04-13,23
2026-04-13,42
2026-04-13,36
2026-04-13,69
2026-04-13,NA
2026-04-13,69
2026-04-13,8
2026-04-13,5
2026-04-13,26
2026-04-13,24
2026-04-13,35
2026-04-13,4
2026-04-13,21
2026-04-13,NA
2026-04-13,60
2026-04-13,49
2026-04-13,23
2026-04-13,38
2026-04-13,39
2026-04-13,86
2026-04-13,29
2026-04-13,13
2026-04-13,3
2026-04-13,NA
2026-04-13,20
2026-04-13,85
2026-04-13,49
2026-04-13,44
2026-04-13,30
2026-04-13,41
2026-04-13,30
2026-04-13,2
2026-04-13,9
2026-04-13,45
2026-04-13,11
2026-04-13,15
2026-04-13,7
2026-04-13,9
2026-04-13,16
2026-04-13,21
2026-04-13,6
2026-04-13,29
2026-04-13,39
2026-04-13,30
2026-04-13,72
2026-04-13,50
2026-04-13,NA
2026-04-13,30
2026-04-13,NA
2026-04-13,NA
2026-04-13,92
2026-04-13,NA
2026-04-13,86
2026-04-13,NA
2026-04-13,78
2026-04-13,68
2026-04-13,NA
2026-04-13,283
2026-04-13,NA
2026-04-13,52
2026-04-13,46
2026-04-13,36
2026-04-13,71
2026-04-13,65
2026-04-13,NA
2026-04-13,35
2026-04-13,45
2026-04-13,12
2026-04-13,NA
2026-04-13,40
2026-04-13,25
2026-04-13,30
2026-04-13,31
2026-04-13,43
2026-04-13,28
2026-04-13,33
2026-04-13,20
2026-04-13,10
2026-04-13,32
2026-04-14,NA
2026-04-14,NA
2026-04-14,8
2026-04-14,8
2026-04-14,NA
2026-04-14,NA
2026-04-14,10
2026-04-14,15
2026-04-14,NA
2026-04-14,NA
2026-04-14,40
2026-04-14,30
2026-04-14,10
2026-04-14,NA
2026-04-14,NA
2026-04-14,34
2026-04-14,NA
2026-04-14,NA
2026-04-14,NA
2026-04-14,59
2026-04-14,45
2026-04-14,53
2026-04-14,101
2026-04-14,NA
2026-04-14,NA
2026-04-14,93
2026-04-14,62
2026-04-14,53
2026-04-14,122
2026-04-14,21
2026-04-14,95
2026-04-14,28
2026-04-14,NA
2026-04-14,NA
2026-04-14,NA
2026-04-14,NA
2026-04-14,NA
2026-04-14,NA
2026-04-14,86
2026-04-14,28
2026-04-14,64
2026-04-14,2
2026-04-14,9
2026-04-14,94
2026-04-14,9
2026-04-14,30
2026-04-14,28
2026-04-14,78
2026-04-14,50
2026-04-14,62
2026-04-14,18
2026-04-14,9
2026-04-14,46
2026-04-14,40
2026-04-14,33
2026-04-14,7
2026-04-14,5
2026-04-14,9
2026-04-14,36
2026-04-14,23
2026-04-14,44
2026-04-14,36
2026-04-14,70
2026-04-14,NA
2026-04-14,69
2026-04-14,3
2026-04-14,5
2026-04-14,26
2026-04-14,24
2026-04-14,35
2026-04-14,4
2026-04-14,21
2026-04-14,NA
2026-04-14,61
2026-04-14,48
2026-04-14,23
2026-04-14,38
2026-04-14,39
2026-04-14,87
2026-04-14,29
2026-04-14,9
2026-04-14,2
2026-04-14,NA
2026-04-14,20
2026-04-14,85
2026-04-14,49
2026-04-14,45
2026-04-14,29
2026-04-14,41
2026-04-14,30
2026-04-14,2
2026-04-14,9
2026-04-14,50
2026-04-14,11
2026-04-14,15
2026-04-14,7
2026-04-14,9
2026-04-14,16
2026-04-14,21
2026-04-14,6
2026-04-14,29
2026-04-14,39
2026-04-14,30
2026-04-14,72
2026-04-14,50
2026-04-14,NA
2026-04-14,30
2026-04-14,NA
2026-04-14,NA
2026-04-14,91
2026-04-14,NA
2026-04-14,86
2026-04-14,NA
2026-04-14,78
2026-04-14,68
2026-04-14,NA
2026-04-14,283
2026-04-14,NA
2026-04-14,52
2026-04-14,46
2026-04-14,37
2026-04-14,71
2026-04-14,65
2026-04-14,NA
2026-04-14,35
2026-04-14,45
2026-04-14,12
2026-04-14,NA
2026-04-14,40
2026-04-14,25
2026-04-14,31
2026-04-14,31
2026-04-14,43
2026-04-14,28
2026-04-14,33
2026-04-14,20
2026-04-14,10
2026-04-14,32
2026-04-15,NA
2026-04-15,NA
2026-04-15,8
2026-04-15,8
2026-04-15,NA
2026-04-15,NA
2026-04-15,10
2026-04-15,15
2026-04-15,NA
2026-04-15,NA
2026-04-15,41
2026-04-15,30
2026-04-15,10
2026-04-15,NA
2026-04-15,NA
2026-04-15,34
2026-04-15,NA
2026-04-15,NA
2026-04-15,NA
2026-04-15,59
2026-04-15,45
2026-04-15,53
2026-04-15,101
2026-04-15,NA
2026-04-15,NA
2026-04-15,93
2026-04-15,62
2026-04-15,53
2026-04-15,122
2026-04-15,21
2026-04-15,92
2026-04-15,28
2026-04-15,NA
2026-04-15,NA
2026-04-15,NA
2026-04-15,NA
2026-04-15,NA
2026-04-15,NA
2026-04-15,85
2026-04-15,28
2026-04-15,64
2026-04-15,2
2026-04-15,9
2026-04-15,94
2026-04-15,9
2026-04-15,29
2026-04-15,28
2026-04-15,77
2026-04-15,50
2026-04-15,62
2026-04-15,12
2026-04-15,47
2026-04-15,38
2026-04-15,33
2026-04-15,7
2026-04-15,5
2026-04-15,9
2026-04-15,36
2026-04-15,23
2026-04-15,46
2026-04-15,36
2026-04-15,69
2026-04-15,NA
2026-04-15,68
2026-04-15,5
2026-04-15,26
2026-04-15,23
2026-04-15,35
2026-04-15,4
2026-04-15,19
2026-04-15,NA
2026-04-15,61
2026-04-15,47
2026-04-15,23
2026-04-15,38
2026-04-15,38
2026-04-15,87
2026-04-15,29
2026-04-15,9
2026-04-15,2
2026-04-15,NA
2026-04-15,20
2026-04-15,85
2026-04-15,49
2026-04-15,45
2026-04-15,30
2026-04-15,41
2026-04-15,30
2026-04-15,2
2026-04-15,9
2026-04-15,53
2026-04-15,11
2026-04-15,15
2026-04-15,7
2026-04-15,9
2026-04-15,16
2026-04-15,21
2026-04-15,6
2026-04-15,29
2026-04-15,39
2026-04-15,30
2026-04-15,72
2026-04-15,50
2026-04-15,NA
2026-04-15,30
2026-04-15,NA
2026-04-15,NA
2026-04-15,93
2026-04-15,NA
2026-04-15,86
2026-04-15,NA
2026-04-15,78
2026-04-15,68
2026-04-15,NA
2026-04-15,283
2026-04-15,NA
2026-04-15,52
2026-04-15,46
2026-04-15,37
2026-04-15,71
2026-04-15,65
2026-04-15,NA
2026-04-15,35
2026-04-15,45
2026-04-15,12
2026-04-15,NA
2026-04-15,40
2026-04-15,25
2026-04-15,31
2026-04-15,31
2026-04-15,43
2026-04-15,28
2026-04-15,33
2026-04-15,20
2026-04-15,10
2026-04-15,32
2026-04-16,NA
2026-04-16,NA
2026-04-16,8
2026-04-16,8
2026-04-16,NA
2026-04-16,NA
2026-04-16,10
2026-04-16,15
2026-04-16,NA
2026-04-16,NA
2026-04-16,41
2026-04-16,30
2026-04-16,10
2026-04-16,NA
2026-04-16,NA
2026-04-16,34
2026-04-16,NA
2026-04-16,NA
2026-04-16,NA
2026-04-16,59
2026-04-16,45
2026-04-16,53
2026-04-16,101
2026-04-16,NA
2026-04-16,NA
2026-04-16,93
2026-04-16,62
2026-04-16,53
2026-04-16,120
2026-04-16,21
2026-04-16,90
2026-04-16,28
2026-04-16,NA
2026-04-16,NA
2026-04-16,NA
2026-04-16,NA
2026-04-16,NA
2026-04-16,NA
2026-04-16,86
2026-04-16,28
2026-04-16,64
2026-04-16,2
2026-04-16,9
2026-04-16,94
2026-04-16,9
2026-04-16,21
2026-04-16,28
2026-04-16,78
2026-04-16,50
2026-04-16,62
2026-04-16,8
2026-04-16,47
2026-04-16,39
2026-04-16,33
2026-04-16,7
2026-04-16,5
2026-04-16,9
2026-04-16,36
2026-04-16,23
2026-04-16,46
2026-04-16,35
2026-04-16,70
2026-04-16,NA
2026-04-16,70
2026-04-16,5
2026-04-16,26
2026-04-16,22
2026-04-16,35
2026-04-16,4
2026-04-16,19
2026-04-16,NA
2026-04-16,60
2026-04-16,47
2026-04-16,23
2026-04-16,38
2026-04-16,37
2026-04-16,88
2026-04-16,25
2026-04-16,4
2026-04-16,2
2026-04-16,NA
2026-04-16,20
2026-04-16,84
2026-04-16,49
2026-04-16,44
2026-04-16,30
2026-04-16,41
2026-04-16,30
2026-04-16,2
2026-04-16,9
2026-04-16,50
2026-04-16,10
2026-04-16,15
2026-04-16,6
2026-04-16,11
2026-04-16,16
2026-04-16,21
2026-04-16,2
2026-04-16,29
2026-04-16,39
2026-04-16,30
2026-04-16,72
2026-04-16,50
2026-04-16,NA
2026-04-16,30
2026-04-16,NA
2026-04-16,NA
2026-04-16,93
2026-04-16,NA
2026-04-16,86
2026-04-16,NA
2026-04-16,78
2026-04-16,68
2026-04-16,NA
2026-04-16,283
2026-04-16,NA
2026-04-16,52
2026-04-16,46
2026-04-16,37
2026-04-16,71
2026-04-16,65
2026-04-16,NA
2026-04-16,35
2026-04-16,45
2026-04-16,12
2026-04-16,NA
2026-04-16,40
2026-04-16,25
2026-04-16,31
2026-04-16,31
2026-04-16,43
2026-04-16,27
2026-04-16,33
2026-04-16,20
2026-04-16,10
2026-04-16,32
2026-04-17,NA
2026-04-17,NA
2026-04-17,8
2026-04-17,8
2026-04-17,NA
2026-04-17,NA
2026-04-17,10
2026-04-17,15
2026-04-17,NA
2026-04-17,NA
2026-04-17,41
2026-04-17,30
2026-04-17,11
2026-04-17,NA
2026-04-17,NA
2026-04-17,28
2026-04-17,NA
2026-04-17,NA
2026-04-17,NA
2026-04-17,57
2026-04-17,46
2026-04-17,53
2026-04-17,101
2026-04-17,NA
2026-04-17,NA
2026-04-17,93
2026-04-17,62
2026-04-17,53
2026-04-17,113
2026-04-17,21
2026-04-17,86
2026-04-17,28
2026-04-17,NA
2026-04-17,NA
2026-04-17,NA
2026-04-17,NA
2026-04-17,NA
2026-04-17,NA
2026-04-17,86
2026-04-17,28
2026-04-17,64
2026-04-17,2
2026-04-17,8
2026-04-17,94
2026-04-17,9
2026-04-17,15
2026-04-17,28
2026-04-17,78
2026-04-17,50
2026-04-17,62
2026-04-17,7
2026-04-17,47
2026-04-17,40
2026-04-17,33
2026-04-17,7
2026-04-17,5
2026-04-17,9
2026-04-17,36
2026-04-17,23
2026-04-17,50
2026-04-17,36
2026-04-17,70
2026-04-17,NA
2026-04-17,70
2026-04-17,5
2026-04-17,26
2026-04-17,20
2026-04-17,35
2026-04-17,4
2026-04-17,19
2026-04-17,NA
2026-04-17,59
2026-04-17,47
2026-04-17,23
2026-04-17,38
2026-04-17,38
2026-04-17,87
2026-04-17,25
2026-04-17,4
2026-04-17,1
2026-04-17,NA
2026-04-17,20
2026-04-17,84
2026-04-17,49
2026-04-17,44
2026-04-17,30
2026-04-17,41
2026-04-17,30
2026-04-17,2
2026-04-17,9
2026-04-17,52
2026-04-17,12
2026-04-17,14
2026-04-17,6
2026-04-17,11
2026-04-17,16
2026-04-17,21
2026-04-17,29
2026-04-17,39
2026-04-17,30
2026-04-17,72
2026-04-17,50
2026-04-17,NA
2026-04-17,30
2026-04-17,NA
2026-04-17,NA
2026-04-17,93
2026-04-17,NA
2026-04-17,86
2026-04-17,NA
2026-04-17,78
2026-04-17,67
2026-04-17,NA
2026-04-17,283
2026-04-17,NA
2026-04-17,52
2026-04-17,46
2026-04-17,37
2026-04-17,71
2026-04-17,65
2026-04-17,NA
2026-04-17,35
2026-04-17,45
2026-04-17,12
2026-04-17,NA
2026-04-17,40
2026-04-17,24
2026-04-17,31
2026-04-17,31
2026-04-17,43
2026-04-17,28
2026-04-17,33
2026-04-17,20
2026-04-17,10
2026-04-17,32
2026-04-18,NA
2026-04-18,NA
2026-04-18,8
2026-04-18,8
2026-04-18,NA
2026-04-18,NA
2026-04-18,10
2026-04-18,15
2026-04-18,NA
2026-04-18,NA
2026-04-18,41
2026-04-18,30
2026-04-18,11
2026-04-18,NA
2026-04-18,NA
2026-04-18,23
2026-04-18,NA
2026-04-18,NA
2026-04-18,NA
2026-04-18,57
2026-04-18,46
2026-04-18,53
2026-04-18,101
2026-04-18,NA
2026-04-18,NA
2026-04-18,93
2026-04-18,62
2026-04-18,53
2026-04-18,113
2026-04-18,21
2026-04-18,86
2026-04-18,28
2026-04-18,NA
2026-04-18,NA
2026-04-18,NA
2026-04-18,NA
2026-04-18,NA
2026-04-18,NA
2026-04-18,84
2026-04-18,28
2026-04-18,64
2026-04-18,1
2026-04-18,8
2026-04-18,94
2026-04-18,9
2026-04-18,11
2026-04-18,28
2026-04-18,78
2026-04-18,50
2026-04-18,62
2026-04-18,7
2026-04-18,47
2026-04-18,39
2026-04-18,33
2026-04-18,7
2026-04-18,5
2026-04-18,9
2026-04-18,36
2026-04-18,23
2026-04-18,49
2026-04-18,36
2026-04-18,70
2026-04-18,NA
2026-04-18,68
2026-04-18,5
2026-04-18,26
2026-04-18,20
2026-04-18,35
2026-04-18,4
2026-04-18,18
2026-04-18,NA
2026-04-18,61
2026-04-18,47
2026-04-18,23
2026-04-18,38
2026-04-18,38
2026-04-18,87
2026-04-18,20
2026-04-18,3
2026-04-18,1
2026-04-18,NA
2026-04-18,20
2026-04-18,85
2026-04-18,49
2026-04-18,44
2026-04-18,30
2026-04-18,41
2026-04-18,29
2026-04-18,2
2026-04-18,9
2026-04-18,51
2026-04-18,12
2026-04-18,14
2026-04-18,6
2026-04-18,11
2026-04-18,16
2026-04-18,21
2026-04-18,29
2026-04-18,39
2026-04-18,30
2026-04-18,72
2026-04-18,50
2026-04-18,NA
2026-04-18,30
2026-04-18,NA
2026-04-18,NA
2026-04-18,93
2026-04-18,NA
2026-04-18,86
2026-04-18,NA
2026-04-18,78
2026-04-18,67
2026-04-18,NA
2026-04-18,283
2026-04-18,NA
2026-04-18,52
2026-04-18,46
2026-04-18,37
2026-04-18,71
2026-04-18,65
2026-04-18,NA
2026-04-18,35
2026-04-18,45
2026-04-18,12
2026-04-18,NA
2026-04-18,40
2026-04-18,24
2026-04-18,31
2026-04-18,31
2026-04-18,43
2026-04-18,28
2026-04-18,33
2026-04-18,20
2026-04-18,10
2026-04-18,33
2026-04-19,NA
2026-04-19,NA
2026-04-19,8
2026-04-19,8
2026-04-19,NA
2026-04-19,NA
2026-04-19,10
2026-04-19,15
2026-04-19,NA
2026-04-19,NA
2026-04-19,41
2026-04-19,30
2026-04-19,11
2026-04-19,NA
2026-04-19,NA
2026-04-19,22
2026-04-19,NA
2026-04-19,NA
2026-04-19,NA
2026-04-19,57
2026-04-19,46
2026-04-19,53
2026-04-19,101
2026-04-19,NA
2026-04-19,NA
2026-04-19,93
2026-04-19,62
2026-04-19,53
2026-04-19,120
2026-04-19,21
2026-04-19,79
2026-04-19,27
2026-04-19,NA
2026-04-19,NA
2026-04-19,NA
2026-04-19,NA
2026-04-19,NA
2026-04-19,NA
2026-04-19,85
2026-04-19,28
2026-04-19,64
2026-04-19,1
2026-04-19,8
2026-04-19,94
2026-04-19,9
2026-04-19,8
2026-04-19,28
2026-04-19,78
2026-04-19,50
2026-04-19,62
2026-04-19,7
2026-04-19,47
2026-04-19,39
2026-04-19,33
2026-04-19,7
2026-04-19,5
2026-04-19,9
2026-04-19,36
2026-04-19,23
2026-04-19,49
2026-04-19,36
2026-04-19,70
2026-04-19,NA
2026-04-19,68
2026-04-19,5
2026-04-19,26
2026-04-19,20
2026-04-19,35
2026-04-19,4
2026-04-19,18
2026-04-19,NA
2026-04-19,61
2026-04-19,47
2026-04-19,23
2026-04-19,38
2026-04-19,38
2026-04-19,88
2026-04-19,16
2026-04-19,3
2026-04-19,1
2026-04-19,NA
2026-04-19,20
2026-04-19,85
2026-04-19,49
2026-04-19,43
2026-04-19,30
2026-04-19,41
2026-04-19,29
2026-04-19,2
2026-04-19,9
2026-04-19,51
2026-04-19,12
2026-04-19,14
2026-04-19,6
2026-04-19,11
2026-04-19,16
2026-04-19,21
2026-04-19,29
2026-04-19,39
2026-04-19,30
2026-04-19,72
2026-04-19,50
2026-04-19,NA
2026-04-19,30
2026-04-19,NA
2026-04-19,NA
2026-04-19,93
2026-04-19,NA
2026-04-19,86
2026-04-19,NA
2026-04-19,78
2026-04-19,66
2026-04-19,NA
2026-04-19,283
2026-04-19,NA
2026-04-19,52
2026-04-19,46
2026-04-19,37
2026-04-19,71
2026-04-19,64
2026-04-19,NA
2026-04-19,35
2026-04-19,45
2026-04-19,12
2026-04-19,NA
2026-04-19,40
2026-04-19,24
2026-04-19,31
2026-04-19,31
2026-04-19,43
2026-04-19,28
2026-04-19,29
2026-04-19,20
2026-04-19,10
2026-04-19,33
2026-04-20,NA
2026-04-20,NA
2026-04-20,8
2026-04-20,8
2026-04-20,NA
2026-04-20,NA
2026-04-20,10
2026-04-20,15
2026-04-20,NA
2026-04-20,NA
2026-04-20,41
2026-04-20,30
2026-04-20,11
2026-04-20,NA
2026-04-20,NA
2026-04-20,17
2026-04-20,NA
2026-04-20,NA
2026-04-20,NA
2026-04-20,57
2026-04-20,46
2026-04-20,53
2026-04-20,101
2026-04-20,NA
2026-04-20,NA
2026-04-20,93
2026-04-20,62
2026-04-20,53
2026-04-20,121
2026-04-20,21
2026-04-20,72
2026-04-20,27
2026-04-20,NA
2026-04-20,NA
2026-04-20,NA
2026-04-20,NA
2026-04-20,NA
2026-04-20,NA
2026-04-20,83
2026-04-20,28
2026-04-20,63
2026-04-20,1
2026-04-20,8
2026-04-20,94
2026-04-20,9
2026-04-20,2
2026-04-20,28
2026-04-20,78
2026-04-20,50
2026-04-20,62
2026-04-20,7
2026-04-20,47
2026-04-20,40
2026-04-20,33
2026-04-20,7
2026-04-20,5
2026-04-20,9
2026-04-20,36
2026-04-20,23
2026-04-20,47
2026-04-20,36
2026-04-20,70
2026-04-20,NA
2026-04-20,68
2026-04-20,5
2026-04-20,26
2026-04-20,22
2026-04-20,35
2026-04-20,4
2026-04-20,18
2026-04-20,NA
2026-04-20,61
2026-04-20,47
2026-04-20,23
2026-04-20,38
2026-04-20,39
2026-04-20,88
2026-04-20,12
2026-04-20,2
2026-04-20,1
2026-04-20,NA
2026-04-20,20
2026-04-20,85
2026-04-20,49
2026-04-20,44
2026-04-20,30
2026-04-20,41
2026-04-20,30
2026-04-20,6
2026-04-20,9
2026-04-20,51
2026-04-20,14
2026-04-20,14
2026-04-20,6
2026-04-20,11
2026-04-20,16
2026-04-20,21
2026-04-20,29
2026-04-20,39
2026-04-20,30
2026-04-20,72
2026-04-20,50
2026-04-20,NA
2026-04-20,30
2026-04-20,NA
2026-04-20,NA
2026-04-20,93
2026-04-20,NA
2026-04-20,86
2026-04-20,NA
2026-04-20,78
2026-04-20,62
2026-04-20,NA
2026-04-20,283
2026-04-20,NA
2026-04-20,52
2026-04-20,46
2026-04-20,37
2026-04-20,71
2026-04-20,64
2026-04-20,NA
2026-04-20,35
2026-04-20,45
2026-04-20,12
2026-04-20,NA
2026-04-20,40
2026-04-20,24
2026-04-20,31
2026-04-20,31
2026-04-20,43
2026-04-20,28
2026-04-20,30
2026-04-20,20
2026-04-20,10
2026-04-20,33
2026-04-21,NA
2026-04-21,NA
2026-04-21,8
2026-04-21,8
2026-04-21,NA
2026-04-21,NA
2026-04-21,10
2026-04-21,15
2026-04-21,NA
2026-04-21,NA
2026-04-21,41
2026-04-21,30
2026-04-21,10
2026-04-21,NA
2026-04-21,NA
2026-04-21,9
2026-04-21,NA
2026-04-21,NA
2026-04-21,NA
2026-04-21,57
2026-04-21,46
2026-04-21,53
2026-04-21,101
2026-04-21,NA
2026-04-21,NA
2026-04-21,93
2026-04-21,62
2026-04-21,53
2026-04-21,122
2026-04-21,21
2026-04-21,70
2026-04-21,29
2026-04-21,NA
2026-04-21,NA
2026-04-21,NA
2026-04-21,NA
2026-04-21,NA
2026-04-21,NA
2026-04-21,81
2026-04-21,28
2026-04-21,63
2026-04-21,1
2026-04-21,8
2026-04-21,94
2026-04-21,9
2026-04-21,28
2026-04-21,78
2026-04-21,50
2026-04-21,62
2026-04-21,6
2026-04-21,47
2026-04-21,40
2026-04-21,33
2026-04-21,7
2026-04-21,5
2026-04-21,9
2026-04-21,36
2026-04-21,23
2026-04-21,48
2026-04-21,36
2026-04-21,70
2026-04-21,NA
2026-04-21,68
2026-04-21,5
2026-04-21,26
2026-04-21,22
2026-04-21,35
2026-04-21,4
2026-04-21,18
2026-04-21,NA
2026-04-21,61
2026-04-21,49
2026-04-21,23
2026-04-21,37
2026-04-21,39
2026-04-21,88
2026-04-21,12
2026-04-21,2
2026-04-21,NA
2026-04-21,20
2026-04-21,85
2026-04-21,49
2026-04-21,45
2026-04-21,30
2026-04-21,41
2026-04-21,30
2026-04-21,6
2026-04-21,9
2026-04-21,51
2026-04-21,11
2026-04-21,14
2026-04-21,6
2026-04-21,11
2026-04-21,16
2026-04-21,21
2026-04-21,29
2026-04-21,39
2026-04-21,30
2026-04-21,72
2026-04-21,50
2026-04-21,NA
2026-04-21,30
2026-04-21,NA
2026-04-21,NA
2026-04-21,92
2026-04-21,NA
2026-04-21,86
2026-04-21,NA
2026-04-21,78
2026-04-21,61
2026-04-21,NA
2026-04-21,283
2026-04-21,NA
2026-04-21,52
2026-04-21,46
2026-04-21,37
2026-04-21,71
2026-04-21,63
2026-04-21,NA
2026-04-21,35
2026-04-21,45
2026-04-21,12
2026-04-21,NA
2026-04-21,40
2026-04-21,24
2026-04-21,31
2026-04-21,31
2026-04-21,43
2026-04-21,28
2026-04-21,33
2026-04-21,20
2026-04-21,10
2026-04-21,33
2026-04-22,NA
2026-04-22,NA
2026-04-22,8
2026-04-22,8
2026-04-22,NA
2026-04-22,NA
2026-04-22,10
2026-04-22,15
2026-04-22,NA
2026-04-22,NA
2026-04-22,41
2026-04-22,30
2026-04-22,10
2026-04-22,NA
2026-04-22,NA
2026-04-22,4
2026-04-22,NA
2026-04-22,NA
2026-04-22,NA
2026-04-22,57
2026-04-22,46
2026-04-22,53
2026-04-22,100
2026-04-22,NA
2026-04-22,NA
2026-04-22,93
2026-04-22,62
2026-04-22,53
2026-04-22,122
2026-04-22,21
2026-04-22,66
2026-04-22,29
2026-04-22,NA
2026-04-22,NA
2026-04-22,NA
2026-04-22,NA
2026-04-22,NA
2026-04-22,NA
2026-04-22,83
2026-04-22,28
2026-04-22,63
2026-04-22,1
2026-04-22,8
2026-04-22,94
2026-04-22,9
2026-04-22,28
2026-04-22,78
2026-04-22,50
2026-04-22,62
2026-04-22,6
2026-04-22,46
2026-04-22,40
2026-04-22,33
2026-04-22,7
2026-04-22,5
2026-04-22,9
2026-04-22,36
2026-04-22,23
2026-04-22,46
2026-04-22,36
2026-04-22,70
2026-04-22,NA
2026-04-22,67
2026-04-22,5
2026-04-22,26
2026-04-22,24
2026-04-22,35
2026-04-22,4
2026-04-22,18
2026-04-22,NA
2026-04-22,61
2026-04-22,45
2026-04-22,23
2026-04-22,38
2026-04-22,39
2026-04-22,88
2026-04-22,8
2026-04-22,1
2026-04-22,NA
2026-04-22,20
2026-04-22,85
2026-04-22,49
2026-04-22,45
2026-04-22,30
2026-04-22,41
2026-04-22,30
2026-04-22,6
2026-04-22,9
2026-04-22,54
2026-04-22,5
2026-04-22,14
2026-04-22,6
2026-04-22,12
2026-04-22,16
2026-04-22,21
2026-04-22,29
2026-04-22,39
2026-04-22,30
2026-04-22,72
2026-04-22,50
2026-04-22,NA
2026-04-22,30
2026-04-22,NA
2026-04-22,NA
2026-04-22,92
2026-04-22,NA
2026-04-22,86
2026-04-22,NA
2026-04-22,78
2026-04-22,58
2026-04-22,NA
2026-04-22,283
2026-04-22,NA
2026-04-22,52
2026-04-22,46
2026-04-22,37
2026-04-22,71
2026-04-22,62
2026-04-22,NA
2026-04-22,34
2026-04-22,45
2026-04-22,12
2026-04-22,NA
2026-04-22,40
2026-04-22,24
2026-04-22,31
2026-04-22,31
2026-04-22,43
2026-04-22,28
2026-04-22,31
2026-04-22,20
2026-04-22,10
2026-04-22,33
2026-04-23,NA
2026-04-23,NA
2026-04-23,8
2026-04-23,8
2026-04-23,NA
2026-04-23,NA
2026-04-23,10
2026-04-23,15
2026-04-23,NA
2026-04-23,NA
2026-04-23,41
2026-04-23,30
2026-04-23,10
2026-04-23,NA
2026-04-23,NA
2026-04-23,1
2026-04-23,NA
2026-04-23,NA
2026-04-23,NA
2026-04-23,57
2026-04-23,46
2026-04-23,52
2026-04-23,100
2026-04-23,NA
2026-04-23,NA
2026-04-23,93
2026-04-23,62
2026-04-23,53
2026-04-23,121
2026-04-23,21
2026-04-23,68
2026-04-23,29
2026-04-23,NA
2026-04-23,NA
2026-04-23,NA
2026-04-23,NA
2026-04-23,NA
2026-04-23,NA
2026-04-23,84
2026-04-23,28
2026-04-23,63
2026-04-23,1
2026-04-23,8
2026-04-23,94
2026-04-23,9
2026-04-23,28
2026-04-23,78
2026-04-23,49
2026-04-23,62
2026-04-23,4
2026-04-23,46
2026-04-23,40
2026-04-23,32
2026-04-23,7
2026-04-23,5
2026-04-23,9
2026-04-23,36
2026-04-23,23
2026-04-23,48
2026-04-23,36
2026-04-23,69
2026-04-23,NA
2026-04-23,67
2026-04-23,5
2026-04-23,26
2026-04-23,25
2026-04-23,35
2026-04-23,4
2026-04-23,12
2026-04-23,NA
2026-04-23,61
2026-04-23,44
2026-04-23,23
2026-04-23,38
2026-04-23,39
2026-04-23,88
2026-04-23,6
2026-04-23,1
2026-04-23,NA
2026-04-23,20
2026-04-23,85
2026-04-23,49
2026-04-23,45
2026-04-23,28
2026-04-23,41
2026-04-23,30
2026-04-23,6
2026-04-23,9
2026-04-23,51
2026-04-23,3
2026-04-23,14
2026-04-23,6
2026-04-23,12
2026-04-23,16
2026-04-23,21
2026-04-23,29
2026-04-23,39
2026-04-23,30
2026-04-23,72
2026-04-23,50
2026-04-23,NA
2026-04-23,30
2026-04-23,NA
2026-04-23,NA
2026-04-23,91
2026-04-23,NA
2026-04-23,86
2026-04-23,NA
2026-04-23,78
2026-04-23,57
2026-04-23,NA
2026-04-23,282
2026-04-23,NA
2026-04-23,52
2026-04-23,46
2026-04-23,37
2026-04-23,71
2026-04-23,62
2026-04-23,NA
2026-04-23,34
2026-04-23,45
2026-04-23,12
2026-04-23,NA
2026-04-23,40
2026-04-23,24
2026-04-23,31
2026-04-23,31
2026-04-23,43
2026-04-23,28
2026-04-23,33
2026-04-23,20
2026-04-23,10
2026-04-23,33
2026-04-24,NA
2026-04-24,NA
2026-04-24,8
2026-04-24,8
2026-04-24,NA
2026-04-24,NA
2026-04-24,10
2026-04-24,15
2026-04-24,NA
2026-04-24,NA
2026-04-24,41
2026-04-24,30
2026-04-24,10
2026-04-24,NA
2026-04-24,NA
2026-04-24,NA
2026-04-24,NA
2026-04-24,NA
2026-04-24,58
2026-04-24,46
2026-04-24,53
2026-04-24,99
2026-04-24,NA
2026-04-24,NA
2026-04-24,93
2026-04-24,62
2026-04-24,51
2026-04-24,122
2026-04-24,21
2026-04-24,64
2026-04-24,31
2026-04-24,NA
2026-04-24,NA
2026-04-24,NA
2026-04-24,NA
2026-04-24,NA
2026-04-24,NA
2026-04-24,84
2026-04-24,28
2026-04-24,64
2026-04-24,1
2026-04-24,8
2026-04-24,94
2026-04-24,9
2026-04-24,28
2026-04-24,77
2026-04-24,49
2026-04-24,62
2026-04-24,2
2026-04-24,45
2026-04-24,40
2026-04-24,33
2026-04-24,8
2026-04-24,5
2026-04-24,9
2026-04-24,36
2026-04-24,23
2026-04-24,48
2026-04-24,36
2026-04-24,70
2026-04-24,NA
2026-04-24,65
2026-04-24,5
2026-04-24,26
2026-04-24,25
2026-04-24,35
2026-04-24,4
2026-04-24,11
2026-04-24,NA
2026-04-24,61
2026-04-24,46
2026-04-24,23
2026-04-24,38
2026-04-24,39
2026-04-24,88
2026-04-24,4
2026-04-24,1
2026-04-24,NA
2026-04-24,20
2026-04-24,84
2026-04-24,49
2026-04-24,45
2026-04-24,28
2026-04-24,41
2026-04-24,30
2026-04-24,6
2026-04-24,9
2026-04-24,54
2026-04-24,3
2026-04-24,14
2026-04-24,6
2026-04-24,11
2026-04-24,16
2026-04-24,21
2026-04-24,29
2026-04-24,39
2026-04-24,30
2026-04-24,72
2026-04-24,49
2026-04-24,NA
2026-04-24,30
2026-04-24,NA
2026-04-24,NA
2026-04-24,91
2026-04-24,NA
2026-04-24,86
2026-04-24,NA
2026-04-24,78
2026-04-24,56
2026-04-24,NA
2026-04-24,283
2026-04-24,NA
2026-04-24,52
2026-04-24,46
2026-04-24,37
2026-04-24,71
2026-04-24,62
2026-04-24,NA
2026-04-24,33
2026-04-24,45
2026-04-24,12
2026-04-24,NA
2026-04-24,40
2026-04-24,24
2026-04-24,31
2026-04-24,31
2026-04-24,43
2026-04-24,28
2026-04-24,32
2026-04-24,20
2026-04-24,10
2026-04-24,33
2026-04-25,NA
2026-04-25,NA
2026-04-25,8
2026-04-25,8
2026-04-25,NA
2026-04-25,NA
2026-04-25,10
2026-04-25,15
2026-04-25,NA
2026-04-25,NA
2026-04-25,41
2026-04-25,30
2026-04-25,10
2026-04-25,NA
2026-04-25,NA
2026-04-25,NA
2026-04-25,NA
2026-04-25,NA
2026-04-25,59
2026-04-25,46
2026-04-25,53
2026-04-25,98
2026-04-25,NA
2026-04-25,NA
2026-04-25,93
2026-04-25,61
2026-04-25,51
2026-04-25,122
2026-04-25,21
2026-04-25,64
2026-04-25,30
2026-04-25,NA
2026-04-25,NA
2026-04-25,NA
2026-04-25,NA
2026-04-25,NA
2026-04-25,NA
2026-04-25,84
2026-04-25,28
2026-04-25,64
2026-04-25,1
2026-04-25,8
2026-04-25,94
2026-04-25,9
2026-04-25,28
2026-04-25,78
2026-04-25,49
2026-04-25,62
2026-04-25,2
2026-04-25,45
2026-04-25,40
2026-04-25,33
2026-04-25,8
2026-04-25,5
2026-04-25,9
2026-04-25,36
2026-04-25,23
2026-04-25,51
2026-04-25,36
2026-04-25,70
2026-04-25,NA
2026-04-25,67
2026-04-25,5
2026-04-25,26
2026-04-25,25
2026-04-25,35
2026-04-25,4
2026-04-25,11
2026-04-25,NA
2026-04-25,61
2026-04-25,47
2026-04-25,23
2026-04-25,38
2026-04-25,39
2026-04-25,88
2026-04-25,3
2026-04-25,1
2026-04-25,NA
2026-04-25,20
2026-04-25,85
2026-04-25,49
2026-04-25,44
2026-04-25,28
2026-04-25,41
2026-04-25,30
2026-04-25,6
2026-04-25,9
2026-04-25,54
2026-04-25,3
2026-04-25,14
2026-04-25,6
2026-04-25,11
2026-04-25,16
2026-04-25,21
2026-04-25,29
2026-04-25,39
2026-04-25,30
2026-04-25,72
2026-04-25,49
2026-04-25,NA
2026-04-25,30
2026-04-25,NA
2026-04-25,NA
2026-04-25,91
2026-04-25,NA
2026-04-25,86
2026-04-25,NA
2026-04-25,78
2026-04-25,56
2026-04-25,NA
2026-04-25,283
2026-04-25,NA
2026-04-25,52
2026-04-25,46
2026-04-25,37
2026-04-25,71
2026-04-25,62
2026-04-25,NA
2026-04-25,33
2026-04-25,45
2026-04-25,12
2026-04-25,NA
2026-04-25,40
2026-04-25,24
2026-04-25,31
2026-04-25,31
2026-04-25,43
2026-04-25,26
2026-04-25,32
2026-04-25,20
2026-04-25,10
2026-04-25,33
2026-04-26,NA
2026-04-26,NA
2026-04-26,8
2026-04-26,8
2026-04-26,NA
2026-04-26,NA
2026-04-26,10
2026-04-26,15
2026-04-26,NA
2026-04-26,NA
2026-04-26,41
2026-04-26,30
2026-04-26,10
2026-04-26,NA
2026-04-26,NA
2026-04-26,NA
2026-04-26,NA
2026-04-26,NA
2026-04-26,59
2026-04-26,46
2026-04-26,53
2026-04-26,98
2026-04-26,NA
2026-04-26,NA
2026-04-26,92
2026-04-26,62
2026-04-26,51
2026-04-26,122
2026-04-26,21
2026-04-26,61
2026-04-26,30
2026-04-26,NA
2026-04-26,NA
2026-04-26,NA
2026-04-26,NA
2026-04-26,NA
2026-04-26,NA
2026-04-26,84
2026-04-26,28
2026-04-26,64
2026-04-26,1
2026-04-26,8
2026-04-26,94
2026-04-26,9
2026-04-26,28
2026-04-26,77
2026-04-26,49
2026-04-26,62
2026-04-26,1
2026-04-26,45
2026-04-26,40
2026-04-26,33
2026-04-26,8
2026-04-26,5
2026-04-26,9
2026-04-26,36
2026-04-26,23
2026-04-26,50
2026-04-26,36
2026-04-26,70
2026-04-26,NA
2026-04-26,66
2026-04-26,5
2026-04-26,26
2026-04-26,25
2026-04-26,35
2026-04-26,3
2026-04-26,11
2026-04-26,NA
2026-04-26,61
2026-04-26,47
2026-04-26,23
2026-04-26,38
2026-04-26,39
2026-04-26,88
2026-04-26,1
2026-04-26,NA
2026-04-26,20
2026-04-26,85
2026-04-26,49
2026-04-26,43
2026-04-26,29
2026-04-26,41
2026-04-26,30
2026-04-26,6
2026-04-26,9
2026-04-26,53
2026-04-26,3
2026-04-26,14
2026-04-26,6
2026-04-26,11
2026-04-26,16
2026-04-26,21
2026-04-26,29
2026-04-26,39
2026-04-26,30
2026-04-26,72
2026-04-26,49
2026-04-26,NA
2026-04-26,30
2026-04-26,NA
2026-04-26,NA
2026-04-26,91
2026-04-26,NA
2026-04-26,85
2026-04-26,NA
2026-04-26,78
2026-04-26,54
2026-04-26,NA
2026-04-26,283
2026-04-26,NA
2026-04-26,52
2026-04-26,46
2026-04-26,36
2026-04-26,71
2026-04-26,62
2026-04-26,NA
2026-04-26,33
2026-04-26,45
2026-04-26,12
2026-04-26,NA
2026-04-26,40
2026-04-26,24
2026-04-26,31
2026-04-26,31
2026-04-26,43
2026-04-26,28
2026-04-26,32
2026-04-26,20
2026-04-26,10
2026-04-26,33
2026-04-27,NA
2026-04-27,NA
2026-04-27,8
2026-04-27,8
2026-04-27,NA
2026-04-27,NA
2026-04-27,10
2026-04-27,15
2026-04-27,NA
2026-04-27,NA
2026-04-27,41
2026-04-27,30
2026-04-27,10
2026-04-27,NA
2026-04-27,NA
2026-04-27,NA
2026-04-27,NA
2026-04-27,NA
2026-04-27,59
2026-04-27,46
2026-04-27,53
2026-04-27,99
2026-04-27,NA
2026-04-27,NA
2026-04-27,92
2026-04-27,62
2026-04-27,51
2026-04-27,122
2026-04-27,21
2026-04-27,58
2026-04-27,30
2026-04-27,NA
2026-04-27,NA
2026-04-27,NA
2026-04-27,NA
2026-04-27,NA
2026-04-27,NA
2026-04-27,82
2026-04-27,28
2026-04-27,63
2026-04-27,1
2026-04-27,8
2026-04-27,94
2026-04-27,9
2026-04-27,28
2026-04-27,77
2026-04-27,50
2026-04-27,62
2026-04-27,46
2026-04-27,40
2026-04-27,33
2026-04-27,8
2026-04-27,5
2026-04-27,9
2026-04-27,36
2026-04-27,23
2026-04-27,49
2026-04-27,36
2026-04-27,70
2026-04-27,NA
2026-04-27,67
2026-04-27,5
2026-04-27,26
2026-04-27,24
2026-04-27,35
2026-04-27,3
2026-04-27,9
2026-04-27,NA
2026-04-27,61
2026-04-27,48
2026-04-27,23
2026-04-27,37
2026-04-27,39
2026-04-27,88
2026-04-27,NA
2026-04-27,20
2026-04-27,86
2026-04-27,48
2026-04-27,45
2026-04-27,30
2026-04-27,41
2026-04-27,30
2026-04-27,6
2026-04-27,9
2026-04-27,50
2026-04-27,1
2026-04-27,14
2026-04-27,6
2026-04-27,10
2026-04-27,16
2026-04-27,21
2026-04-27,29
2026-04-27,39
2026-04-27,30
2026-04-27,72
2026-04-27,48
2026-04-27,NA
2026-04-27,30
2026-04-27,NA
2026-04-27,NA
2026-04-27,91
2026-04-27,NA
2026-04-27,86
2026-04-27,NA
2026-04-27,78
2026-04-27,53
2026-04-27,NA
2026-04-27,283
2026-04-27,NA
2026-04-27,52
2026-04-27,46
2026-04-27,37
2026-04-27,71
2026-04-27,60
2026-04-27,NA
2026-04-27,32
2026-04-27,45
2026-04-27,12
2026-04-27,NA
2026-04-27,40
2026-04-27,24
2026-04-27,31
2026-04-27,31
2026-04-27,43
2026-04-27,28
2026-04-27,33
2026-04-27,20
2026-04-27,10
2026-04-27,37
2026-04-28,NA
2026-04-28,NA
2026-04-28,8
2026-04-28,8
2026-04-28,NA
2026-04-28,NA
2026-04-28,10
2026-04-28,15
2026-04-28,NA
2026-04-28,NA
2026-04-28,41
2026-04-28,30
2026-04-28,10
2026-04-28,NA
2026-04-28,NA
2026-04-28,NA
2026-04-28,NA
2026-04-28,NA
2026-04-28,59
2026-04-28,46
2026-04-28,53
2026-04-28,98
2026-04-28,NA
2026-04-28,NA
2026-04-28,92
2026-04-28,62
2026-04-28,51
2026-04-28,122
2026-04-28,21
2026-04-28,56
2026-04-28,30
2026-04-28,NA
2026-04-28,NA
2026-04-28,NA
2026-04-28,NA
2026-04-28,NA
2026-04-28,NA
2026-04-28,82
2026-04-28,28
2026-04-28,63
2026-04-28,1
2026-04-28,9
2026-04-28,94
2026-04-28,9
2026-04-28,28
2026-04-28,77
2026-04-28,50
2026-04-28,62
2026-04-28,46
2026-04-28,40
2026-04-28,33
2026-04-28,8
2026-04-28,5
2026-04-28,9
2026-04-28,37
2026-04-28,23
2026-04-28,49
2026-04-28,36
2026-04-28,70
2026-04-28,NA
2026-04-28,67
2026-04-28,5
2026-04-28,26
2026-04-28,25
2026-04-28,35
2026-04-28,3
2026-04-28,1
2026-04-28,NA
2026-04-28,61
2026-04-28,48
2026-04-28,23
2026-04-28,38
2026-04-28,39
2026-04-28,88
2026-04-28,NA
2026-04-28,20
2026-04-28,87
2026-04-28,49
2026-04-28,45
2026-04-28,30
2026-04-28,41
2026-04-28,30
2026-04-28,6
2026-04-28,9
2026-04-28,52
2026-04-28,1
2026-04-28,14
2026-04-28,6
2026-04-28,9
2026-04-28,16
2026-04-28,21
2026-04-28,29
2026-04-28,39
2026-04-28,30
2026-04-28,72
2026-04-28,50
2026-04-28,NA
2026-04-28,30
2026-04-28,NA
2026-04-28,NA
2026-04-28,90
2026-04-28,NA
2026-04-28,86
2026-04-28,NA
2026-04-28,78
2026-04-28,52
2026-04-28,NA
2026-04-28,283
2026-04-28,NA
2026-04-28,52
2026-04-28,46
2026-04-28,37
2026-04-28,71
2026-04-28,60
2026-04-28,NA
2026-04-28,34
2026-04-28,45
2026-04-28,12
2026-04-28,NA
2026-04-28,40
2026-04-28,24
2026-04-28,31
2026-04-28,31
2026-04-28,42
2026-04-28,28
2026-04-28,33
2026-04-28,20
2026-04-28,10
2026-04-28,36
2026-04-29,NA
2026-04-29,NA
2026-04-29,8
2026-04-29,8
2026-04-29,NA
2026-04-29,NA
2026-04-29,10
2026-04-29,15
2026-04-29,NA
2026-04-29,NA
2026-04-29,41
2026-04-29,30
2026-04-29,10
2026-04-29,NA
2026-04-29,NA
2026-04-29,NA
2026-04-29,NA
2026-04-29,NA
2026-04-29,59
2026-04-29,46
2026-04-29,53
2026-04-29,98
2026-04-29,NA
2026-04-29,NA
2026-04-29,92
2026-04-29,62
2026-04-29,50
2026-04-29,122
2026-04-29,21
2026-04-29,54
2026-04-29,28
2026-04-29,NA
2026-04-29,NA
2026-04-29,NA
2026-04-29,NA
2026-04-29,NA
2026-04-29,NA
2026-04-29,82
2026-04-29,28
2026-04-29,63
2026-04-29,1
2026-04-29,9
2026-04-29,94
2026-04-29,9
2026-04-29,28
2026-04-29,77
2026-04-29,50
2026-04-29,62
2026-04-29,46
2026-04-29,39
2026-04-29,33
2026-04-29,8
2026-04-29,5
2026-04-29,9
2026-04-29,37
2026-04-29,23
2026-04-29,48
2026-04-29,36
2026-04-29,70
2026-04-29,NA
2026-04-29,66
2026-04-29,5
2026-04-29,26
2026-04-29,25
2026-04-29,35
2026-04-29,3
2026-04-29,NA
2026-04-29,61
2026-04-29,50
2026-04-29,23
2026-04-29,38
2026-04-29,39
2026-04-29,88
2026-04-29,NA
2026-04-29,20
2026-04-29,87
2026-04-29,49
2026-04-29,43
2026-04-29,30
2026-04-29,41
2026-04-29,30
2026-04-29,6
2026-04-29,9
2026-04-29,52
2026-04-29,1
2026-04-29,13
2026-04-29,6
2026-04-29,9
2026-04-29,16
2026-04-29,21
2026-04-29,29
2026-04-29,39
2026-04-29,30
2026-04-29,72
2026-04-29,50
2026-04-29,NA
2026-04-29,29
2026-04-29,NA
2026-04-29,NA
2026-04-29,90
2026-04-29,NA
2026-04-29,86
2026-04-29,NA
2026-04-29,78
2026-04-29,50
2026-04-29,NA
2026-04-29,283
2026-04-29,NA
2026-04-29,52
2026-04-29,46
2026-04-29,37
2026-04-29,71
2026-04-29,58
2026-04-29,NA
2026-04-29,35
2026-04-29,45
2026-04-29,12
2026-04-29,NA
2026-04-29,40
2026-04-29,24
2026-04-29,31
2026-04-29,31
2026-04-29,43
2026-04-29,27
2026-04-29,33
2026-04-29,20
2026-04-29,10
2026-04-29,36
2026-04-30,NA
2026-04-30,NA
2026-04-30,8
2026-04-30,8
2026-04-30,NA
2026-04-30,NA
2026-04-30,10
2026-04-30,14
2026-04-30,NA
2026-04-30,NA
2026-04-30,41
2026-04-30,30
2026-04-30,10
2026-04-30,NA
2026-04-30,NA
2026-04-30,NA
2026-04-30,NA
2026-04-30,NA
2026-04-30,58
2026-04-30,46
2026-04-30,53
2026-04-30,98
2026-04-30,NA
2026-04-30,NA
2026-04-30,92
2026-04-30,62
2026-04-30,49
2026-04-30,122
2026-04-30,21
2026-04-30,47
2026-04-30,28
2026-04-30,NA
2026-04-30,NA
2026-04-30,NA
2026-04-30,NA
2026-04-30,NA
2026-04-30,NA
2026-04-30,82
2026-04-30,28
2026-04-30,63
2026-04-30,1
2026-04-30,9
2026-04-30,94
2026-04-30,9
2026-04-30,28
2026-04-30,77
2026-04-30,50
2026-04-30,62
2026-04-30,46
2026-04-30,40
2026-04-30,33
2026-04-30,8
2026-04-30,5
2026-04-30,9
2026-04-30,37
2026-04-30,23
2026-04-30,50
2026-04-30,36
2026-04-30,70
2026-04-30,NA
2026-04-30,68
2026-04-30,5
2026-04-30,26
2026-04-30,23
2026-04-30,35
2026-04-30,3
2026-04-30,NA
2026-04-30,61
2026-04-30,50
2026-04-30,23
2026-04-30,38
2026-04-30,39
2026-04-30,88
2026-04-30,NA
2026-04-30,20
2026-04-30,87
2026-04-30,49
2026-04-30,44
2026-04-30,30
2026-04-30,42
2026-04-30,30
2026-04-30,6
2026-04-30,9
2026-04-30,50
2026-04-30,3
2026-04-30,13
2026-04-30,6
2026-04-30,9
2026-04-30,16
2026-04-30,21
2026-04-30,29
2026-04-30,39
2026-04-30,30
2026-04-30,72
2026-04-30,50
2026-04-30,NA
2026-04-30,29
2026-04-30,NA
2026-04-30,NA
2026-04-30,88
2026-04-30,NA
2026-04-30,86
2026-04-30,NA
2026-04-30,78
2026-04-30,46
2026-04-30,NA
2026-04-30,283
2026-04-30,NA
2026-04-30,52
2026-04-30,46
2026-04-30,37
2026-04-30,71
2026-04-30,54
2026-04-30,NA
2026-04-30,35
2026-04-30,45
2026-04-30,12
2026-04-30,NA
2026-04-30,40
2026-04-30,24
2026-04-30,31
2026-04-30,31
2026-04-30,43
2026-04-30,28
2026-04-30,33
2026-04-30,20
2026-04-30,10
2026-04-30,36
2026-05-01,NA
2026-05-01,NA
2026-05-01,8
2026-05-01,8
2026-05-01,NA
2026-05-01,NA
2026-05-01,10
2026-05-01,13
2026-05-01,NA
2026-05-01,NA
2026-05-01,41
2026-05-01,30
2026-05-01,10
2026-05-01,NA
2026-05-01,NA
2026-05-01,NA
2026-05-01,NA
2026-05-01,NA
2026-05-01,58
2026-05-01,46
2026-05-01,53
2026-05-01,100
2026-05-01,NA
2026-05-01,NA
2026-05-01,92
2026-05-01,62
2026-05-01,48
2026-05-01,121
2026-05-01,21
2026-05-01,47
2026-05-01,28
2026-05-01,NA
2026-05-01,NA
2026-05-01,NA
2026-05-01,NA
2026-05-01,NA
2026-05-01,NA
2026-05-01,81
2026-05-01,28
2026-05-01,61
2026-05-01,1
2026-05-01,9
2026-05-01,94
2026-05-01,9
2026-05-01,28
2026-05-01,78
2026-05-01,49
2026-05-01,61
2026-05-01,46
2026-05-01,40
2026-05-01,33
2026-05-01,8
2026-05-01,5
2026-05-01,10
2026-05-01,37
2026-05-01,23
2026-05-01,49
2026-05-01,35
2026-05-01,70
2026-05-01,NA
2026-05-01,69
2026-05-01,5
2026-05-01,26
2026-05-01,22
2026-05-01,35
2026-05-01,3
2026-05-01,NA
2026-05-01,61
2026-05-01,50
2026-05-01,23
2026-05-01,37
2026-05-01,39
2026-05-01,88
2026-05-01,NA
2026-05-01,20
2026-05-01,87
2026-05-01,49
2026-05-01,44
2026-05-01,28
2026-05-01,42
2026-05-01,30
2026-05-01,6
2026-05-01,9
2026-05-01,50
2026-05-01,1
2026-05-01,13
2026-05-01,6
2026-05-01,11
2026-05-01,16
2026-05-01,21
2026-05-01,29
2026-05-01,39
2026-05-01,30
2026-05-01,72
2026-05-01,50
2026-05-01,NA
2026-05-01,30
2026-05-01,NA
2026-05-01,NA
2026-05-01,86
2026-05-01,NA
2026-05-01,86
2026-05-01,NA
2026-05-01,78
2026-05-01,41
2026-05-01,NA
2026-05-01,283
2026-05-01,NA
2026-05-01,51
2026-05-01,46
2026-05-01,37
2026-05-01,71
2026-05-01,54
2026-05-01,NA
2026-05-01,34
2026-05-01,45
2026-05-01,12
2026-05-01,NA
2026-05-01,40
2026-05-01,24
2026-05-01,31
2026-05-01,31
2026-05-01,43
2026-05-01,28
2026-05-01,33
2026-05-01,20
2026-05-01,10
2026-05-01,36
2026-05-02,NA
2026-05-02,NA
2026-05-02,8
2026-05-02,8
2026-05-02,NA
2026-05-02,NA
2026-05-02,10
2026-05-02,13
2026-05-02,NA
2026-05-02,NA
2026-05-02,41
2026-05-02,30
2026-05-02,11
2026-05-02,NA
2026-05-02,NA
2026-05-02,NA
2026-05-02,NA
2026-05-02,NA
2026-05-02,59
2026-05-02,46
2026-05-02,53
2026-05-02,100
2026-05-02,NA
2026-05-02,NA
2026-05-02,92
2026-05-02,62
2026-05-02,48
2026-05-02,122
2026-05-02,21
2026-05-02,43
2026-05-02,28
2026-05-02,NA
2026-05-02,NA
2026-05-02,NA
2026-05-02,NA
2026-05-02,NA
2026-05-02,NA
2026-05-02,82
2026-05-02,28
2026-05-02,61
2026-05-02,1
2026-05-02,9
2026-05-02,94
2026-05-02,9
2026-05-02,28
2026-05-02,78
2026-05-02,49
2026-05-02,61
2026-05-02,47
2026-05-02,39
2026-05-02,33
2026-05-02,8
2026-05-02,5
2026-05-02,10
2026-05-02,37
2026-05-02,23
2026-05-02,47
2026-05-02,36
2026-05-02,70
2026-05-02,NA
2026-05-02,69
2026-05-02,5
2026-05-02,26
2026-05-02,22
2026-05-02,35
2026-05-02,3
2026-05-02,NA
2026-05-02,61
2026-05-02,50
2026-05-02,23
2026-05-02,35
2026-05-02,39
2026-05-02,88
2026-05-02,NA
2026-05-02,20
2026-05-02,87
2026-05-02,49
2026-05-02,45
2026-05-02,29
2026-05-02,42
2026-05-02,29
2026-05-02,6
2026-05-02,9
2026-05-02,53
2026-05-02,1
2026-05-02,13
2026-05-02,6
2026-05-02,11
2026-05-02,16
2026-05-02,21
2026-05-02,29
2026-05-02,39
2026-05-02,30
2026-05-02,72
2026-05-02,50
2026-05-02,NA
2026-05-02,30
2026-05-02,NA
2026-05-02,NA
2026-05-02,86
2026-05-02,NA
2026-05-02,86
2026-05-02,NA
2026-05-02,78
2026-05-02,39
2026-05-02,NA
2026-05-02,283
2026-05-02,NA
2026-05-02,52
2026-05-02,46
2026-05-02,37
2026-05-02,71
2026-05-02,54
2026-05-02,NA
2026-05-02,34
2026-05-02,45
2026-05-02,12
2026-05-02,NA
2026-05-02,40
2026-05-02,24
2026-05-02,31
2026-05-02,31
2026-05-02,43
2026-05-02,27
2026-05-02,32
2026-05-02,20
2026-05-02,10
2026-05-02,36
2026-05-03,NA
2026-05-03,NA
2026-05-03,8
2026-05-03,8
2026-05-03,NA
2026-05-03,NA
2026-05-03,10
2026-05-03,13
2026-05-03,NA
2026-05-03,NA
2026-05-03,41
2026-05-03,30
2026-05-03,11
2026-05-03,NA
2026-05-03,NA
2026-05-03,NA
2026-05-03,NA
2026-05-03,NA
2026-05-03,59
2026-05-03,46
2026-05-03,53
2026-05-03,100
2026-05-03,NA
2026-05-03,NA
2026-05-03,92
2026-05-03,61
2026-05-03,48
2026-05-03,122
2026-05-03,21
2026-05-03,34
2026-05-03,28
2026-05-03,NA
2026-05-03,NA
2026-05-03,NA
2026-05-03,NA
2026-05-03,NA
2026-05-03,NA
2026-05-03,81
2026-05-03,28
2026-05-03,61
2026-05-03,1
2026-05-03,9
2026-05-03,94
2026-05-03,9
2026-05-03,28
2026-05-03,78
2026-05-03,49
2026-05-03,61
2026-05-03,47
2026-05-03,40
2026-05-03,32
2026-05-03,9
2026-05-03,5
2026-05-03,10
2026-05-03,37
2026-05-03,23
2026-05-03,50
2026-05-03,36
2026-05-03,70
2026-05-03,NA
2026-05-03,66
2026-05-03,5
2026-05-03,26
2026-05-03,22
2026-05-03,35
2026-05-03,3
2026-05-03,NA
2026-05-03,61
2026-05-03,50
2026-05-03,23
2026-05-03,35
2026-05-03,39
2026-05-03,88
2026-05-03,NA
2026-05-03,20
2026-05-03,87
2026-05-03,49
2026-05-03,45
2026-05-03,29
2026-05-03,42
2026-05-03,29
2026-05-03,6
2026-05-03,9
2026-05-03,52
2026-05-03,1
2026-05-03,13
2026-05-03,6
2026-05-03,11
2026-05-03,16
2026-05-03,21
2026-05-03,29
2026-05-03,39
2026-05-03,30
2026-05-03,72
2026-05-03,50
2026-05-03,NA
2026-05-03,30
2026-05-03,NA
2026-05-03,NA
2026-05-03,86
2026-05-03,NA
2026-05-03,86
2026-05-03,NA
2026-05-03,78
2026-05-03,39
2026-05-03,NA
2026-05-03,283
2026-05-03,NA
2026-05-03,52
2026-05-03,46
2026-05-03,37
2026-05-03,71
2026-05-03,54
2026-05-03,NA
2026-05-03,34
2026-05-03,45
2026-05-03,12
2026-05-03,NA
2026-05-03,40
2026-05-03,24
2026-05-03,31
2026-05-03,31
2026-05-03,43
2026-05-03,28
2026-05-03,33
2026-05-03,20
2026-05-03,10
2026-05-03,36
2026-05-04,NA
2026-05-04,NA
2026-05-04,8
2026-05-04,8
2026-05-04,NA
2026-05-04,NA
2026-05-04,8
2026-05-04,13
2026-05-04,NA
2026-05-04,NA
2026-05-04,41
2026-05-04,30
2026-05-04,11
2026-05-04,NA
2026-05-04,NA
2026-05-04,NA
2026-05-04,NA
2026-05-04,NA
2026-05-04,59
2026-05-04,46
2026-05-04,53
2026-05-04,100
2026-05-04,NA
2026-05-04,NA
2026-05-04,92
2026-05-04,62
2026-05-04,49
2026-05-04,122
2026-05-04,22
2026-05-04,32
2026-05-04,28
2026-05-04,NA
2026-05-04,NA
2026-05-04,NA
2026-05-04,NA
2026-05-04,NA
2026-05-04,NA
2026-05-04,81
2026-05-04,28
2026-05-04,62
2026-05-04,1
2026-05-04,10
2026-05-04,94
2026-05-04,8
2026-05-04,28
2026-05-04,75
2026-05-04,49
2026-05-04,59
2026-05-04,47
2026-05-04,38
2026-05-04,32
2026-05-04,9
2026-05-04,5
2026-05-04,10
2026-05-04,37
2026-05-04,23
2026-05-04,52
2026-05-04,36
2026-05-04,70
2026-05-04,NA
2026-05-04,66
2026-05-04,5
2026-05-04,26
2026-05-04,23
2026-05-04,35
2026-05-04,3
2026-05-04,NA
2026-05-04,61
2026-05-04,50
2026-05-04,23
2026-05-04,34
2026-05-04,39
2026-05-04,88
2026-05-04,NA
2026-05-04,20
2026-05-04,87
2026-05-04,49
2026-05-04,45
2026-05-04,30
2026-05-04,42
2026-05-04,29
2026-05-04,6
2026-05-04,9
2026-05-04,52
2026-05-04,1
2026-05-04,13
2026-05-04,6
2026-05-04,11
2026-05-04,16
2026-05-04,21
2026-05-04,29
2026-05-04,39
2026-05-04,30
2026-05-04,72
2026-05-04,50
2026-05-04,NA
2026-05-04,30
2026-05-04,NA
2026-05-04,NA
2026-05-04,86
2026-05-04,NA
2026-05-04,86
2026-05-04,NA
2026-05-04,78
2026-05-04,34
2026-05-04,NA
2026-05-04,283
2026-05-04,NA
2026-05-04,52
2026-05-04,46
2026-05-04,37
2026-05-04,71
2026-05-04,53
2026-05-04,NA
2026-05-04,34
2026-05-04,45
2026-05-04,12
2026-05-04,NA
2026-05-04,40
2026-05-04,24
2026-05-04,31
2026-05-04,31
2026-05-04,43
2026-05-04,28
2026-05-04,33
2026-05-04,19
2026-05-04,10
2026-05-04,36
2026-05-05,NA
2026-05-05,NA
2026-05-05,8
2026-05-05,8
2026-05-05,NA
2026-05-05,NA
2026-05-05,8
2026-05-05,13
2026-05-05,NA
2026-05-05,NA
2026-05-05,41
2026-05-05,30
2026-05-05,11
2026-05-05,NA
2026-05-05,NA
2026-05-05,NA
2026-05-05,NA
2026-05-05,NA
2026-05-05,63
2026-05-05,46
2026-05-05,53
2026-05-05,100
2026-05-05,NA
2026-05-05,NA
2026-05-05,93
2026-05-05,62
2026-05-05,51
2026-05-05,122
2026-05-05,22
2026-05-05,30
2026-05-05,28
2026-05-05,NA
2026-05-05,NA
2026-05-05,NA
2026-05-05,NA
2026-05-05,NA
2026-05-05,NA
2026-05-05,80
2026-05-05,28
2026-05-05,62
2026-05-05,2
2026-05-05,9
2026-05-05,93
2026-05-05,8
2026-05-05,28
2026-05-05,75
2026-05-05,49
2026-05-05,59
2026-05-05,48
2026-05-05,39
2026-05-05,33
2026-05-05,11
2026-05-05,5
2026-05-05,10
2026-05-05,37
2026-05-05,23
2026-05-05,51
2026-05-05,36
2026-05-05,70
2026-05-05,NA
2026-05-05,64
2026-05-05,5
2026-05-05,25
2026-05-05,20
2026-05-05,35
2026-05-05,3
2026-05-05,NA
2026-05-05,61
2026-05-05,50
2026-05-05,23
2026-05-05,33
2026-05-05,39
2026-05-05,87
2026-05-05,NA
2026-05-05,19
2026-05-05,86
2026-05-05,49
2026-05-05,44
2026-05-05,29
2026-05-05,42
2026-05-05,28
2026-05-05,6
2026-05-05,9
2026-05-05,49
2026-05-05,13
2026-05-05,7
2026-05-05,13
2026-05-05,16
2026-05-05,21
2026-05-05,29
2026-05-05,39
2026-05-05,30
2026-05-05,72
2026-05-05,50
2026-05-05,NA
2026-05-05,30
2026-05-05,NA
2026-05-05,NA
2026-05-05,87
2026-05-05,NA
2026-05-05,86
2026-05-05,NA
2026-05-05,78
2026-05-05,31
2026-05-05,NA
2026-05-05,283
2026-05-05,NA
2026-05-05,51
2026-05-05,46
2026-05-05,36
2026-05-05,71
2026-05-05,51
2026-05-05,NA
2026-05-05,34
2026-05-05,45
2026-05-05,12
2026-05-05,NA
2026-05-05,40
2026-05-05,24
2026-05-05,31
2026-05-05,31
2026-05-05,43
2026-05-05,28
2026-05-05,32
2026-05-05,19
2026-05-05,10
2026-05-05,35
2026-05-06,NA
2026-05-06,NA
2026-05-06,8
2026-05-06,8
2026-05-06,NA
2026-05-06,NA
2026-05-06,8
2026-05-06,13
2026-05-06,NA
2026-05-06,NA
2026-05-06,42
2026-05-06,30
2026-05-06,10
2026-05-06,NA
2026-05-06,NA
2026-05-06,NA
2026-05-06,NA
2026-05-06,NA
2026-05-06,63
2026-05-06,46
2026-05-06,53
2026-05-06,100
2026-05-06,NA
2026-05-06,NA
2026-05-06,93
2026-05-06,62
2026-05-06,51
2026-05-06,122
2026-05-06,22
2026-05-06,29
2026-05-06,28
2026-05-06,NA
2026-05-06,NA
2026-05-06,NA
2026-05-06,NA
2026-05-06,NA
2026-05-06,NA
2026-05-06,81
2026-05-06,28
2026-05-06,62
2026-05-06,2
2026-05-06,9
2026-05-06,94
2026-05-06,8
2026-05-06,28
2026-05-06,76
2026-05-06,49
2026-05-06,61
2026-05-06,49
2026-05-06,40
2026-05-06,33
2026-05-06,11
2026-05-06,5
2026-05-06,10
2026-05-06,37
2026-05-06,24
2026-05-06,51
2026-05-06,36
2026-05-06,70
2026-05-06,NA
2026-05-06,65
2026-05-06,4
2026-05-06,26
2026-05-06,19
2026-05-06,35
2026-05-06,3
2026-05-06,NA
2026-05-06,59
2026-05-06,50
2026-05-06,23
2026-05-06,33
2026-05-06,39
2026-05-06,88
2026-05-06,NA
2026-05-06,19
2026-05-06,87
2026-05-06,49
2026-05-06,44
2026-05-06,30
2026-05-06,42
2026-05-06,29
2026-05-06,6
2026-05-06,9
2026-05-06,49
2026-05-06,14
2026-05-06,7
2026-05-06,13
2026-05-06,16
2026-05-06,21
2026-05-06,29
2026-05-06,39
2026-05-06,30
2026-05-06,72
2026-05-06,48
2026-05-06,NA
2026-05-06,30
2026-05-06,NA
2026-05-06,NA
2026-05-06,90
2026-05-06,NA
2026-05-06,86
2026-05-06,NA
2026-05-06,78
2026-05-06,23
2026-05-06,NA
2026-05-06,283
2026-05-06,NA
2026-05-06,52
2026-05-06,46
2026-05-06,36
2026-05-06,71
2026-05-06,50
2026-05-06,NA
2026-05-06,35
2026-05-06,45
2026-05-06,12
2026-05-06,NA
2026-05-06,40
2026-05-06,24
2026-05-06,31
2026-05-06,31
2026-05-06,42
2026-05-06,28
2026-05-06,33
2026-05-06,19
2026-05-06,10
2026-05-06,35
